initial_path_img;actual_path_img;imageID;HAID;random_order1;severity;has_gap;BirdID;uncertainty (0:certain:1 random);comment
G:\VPHI\Welfare\2- Research Projects\OFHE2.OriginsE2\DataOutput\HA\HA2\KBF-04-01-2021\Origins 04.01.2021\IHE_PDI\S00001\SER00065\I00001.JPG;G:\VPHI\Welfare\2- Research Projects\OFHE2.OriginsE2\DataOutput\HA\AllPictures_27-07-2021\0.jpg;0;HA2;146;1;1;56green9gs;;
G:\VPHI\Welfare\2- Research Projects\OFHE2.OriginsE2\DataOutput\HA\HA2\KBF-04-01-2021\Origins 04.01.2021\IHE_PDI\S00002\SER00049\I00001.JPG;G:\VPHI\Welfare\2- Research Projects\OFHE2.OriginsE2\DataOutput\HA\AllPictures_27-07-2021\1.jpg;1;HA2;200;1;1;70green11gg;;
G:\VPHI\Welfare\2- Research Projects\OFHE2.OriginsE2\DataOutput\HA\HA2\KBF-04-01-2021\Origins 04.01.2021\IHE_PDI\S00002\SER00034\I00001.JPG;G:\VPHI\Welfare\2- Research Projects\OFHE2.OriginsE2\DataOutput\HA\AllPictures_27-07-2021\2.jpg;2;HA2;202;0,3;0;2green5pp;;to me to bottum gap have healed
G:\VPHI\Welfare\2- Research Projects\OFHE2.OriginsE2\DataOutput\HA\HA2\KBF-04-01-2021\Origins 04.01.2021\IHE_PDI\S00002\SER00006\I00001.JPG;G:\VPHI\Welfare\2- Research Projects\OFHE2.OriginsE2\DataOutput\HA\AllPictures_27-07-2021\3.jpg;3;HA2;16;0;0;72black10wp;;
G:\VPHI\Welfare\2- Research Projects\OFHE2.OriginsE2\DataOutput\HA\HA5\KBF-26-07-2021\origins1\IHE_PDI\S00001\SER00036\I00001.JPG;G:\VPHI\Welfare\2- Research Projects\OFHE2.OriginsE2\DataOutput\HA\AllPictures_27-07-2021\4.jpg;4;HA5;108;1,2;0;68grey8;;
G:\VPHI\Welfare\2- Research Projects\OFHE2.OriginsE2\DataOutput\HA\HA5\KBF-26-07-2021\origins2\IHE_PDI\S00001\SER00037\I00001.JPG;G:\VPHI\Welfare\2- Research Projects\OFHE2.OriginsE2\DataOutput\HA\AllPictures_27-07-2021\5.jpg;5;HA5;251;1,7;0;80grey11bs;;
G:\VPHI\Welfare\2- Research Projects\OFHE2.OriginsE2\DataOutput\HA\HA2\KBF-04-01-2021\Origins 04.01.2021\IHE_PDI\S00002\SER00071\I00001.JPG;G:\VPHI\Welfare\2- Research Projects\OFHE2.OriginsE2\DataOutput\HA\AllPictures_27-07-2021\6.jpg;6;HA2;214;0,2;0;67orange4sbs;;
G:\VPHI\Welfare\2- Research Projects\OFHE2.OriginsE2\DataOutput\HA\HA2\KBF-04-01-2021\Origins 04.01.2021\IHE_PDI\S00002\SER00074\I00001.JPG;G:\VPHI\Welfare\2- Research Projects\OFHE2.OriginsE2\DataOutput\HA\AllPictures_27-07-2021\7.jpg;7;HA2;282;0,6;0;59orange4pb;;
G:\VPHI\Welfare\2- Research Projects\OFHE2.OriginsE2\DataOutput\HA\HA5\KBF-26-07-2021\origins2\IHE_PDI\S00001\SER00081\I00001.JPG;G:\VPHI\Welfare\2- Research Projects\OFHE2.OriginsE2\DataOutput\HA\AllPictures_27-07-2021\8.jpg;8;HA5;288;1,8;0;32orange12sb;;
G:\VPHI\Welfare\2- Research Projects\OFHE2.OriginsE2\DataOutput\HA\HA5\KBF-26-07-2021\origins1\IHE_PDI\S00001\SER00082\I00001.JPG;G:\VPHI\Welfare\2- Research Projects\OFHE2.OriginsE2\DataOutput\HA\AllPictures_27-07-2021\9.jpg;9;HA5;247;1,7;0;10orange3;;
G:\VPHI\Welfare\2- Research Projects\OFHE2.OriginsE2\DataOutput\HA\HA5\KBF-26-07-2021\origins3\IHE_PDI\S00001\SER00023\I00001.JPG;G:\VPHI\Welfare\2- Research Projects\OFHE2.OriginsE2\DataOutput\HA\AllPictures_27-07-2021\10.jpg;10;HA5;238;0,5;0;50black4sb;;
G:\VPHI\Welfare\2- Research Projects\OFHE2.OriginsE2\DataOutput\HA\HA5\KBF-26-07-2021\origins2\IHE_PDI\S00001\SER00051\I00001.JPG;G:\VPHI\Welfare\2- Research Projects\OFHE2.OriginsE2\DataOutput\HA\AllPictures_27-07-2021\11.jpg;11;HA5;354;3,3;1;76grey9bb;;
G:\VPHI\Welfare\2- Research Projects\OFHE2.OriginsE2\DataOutput\HA\HA5\KBF-26-07-2021\origins3\IHE_PDI\S00001\SER00026\I00001.JPG;G:\VPHI\Welfare\2- Research Projects\OFHE2.OriginsE2\DataOutput\HA\AllPictures_27-07-2021\12.jpg;12;HA5;329;3,5;1;25black4bb;;
G:\VPHI\Welfare\2- Research Projects\OFHE2.OriginsE2\DataOutput\HA\HA2\KBF-04-01-2021\Origins 04.01.2021\IHE_PDI\S00002\SER00045\I00001.JPG;G:\VPHI\Welfare\2- Research Projects\OFHE2.OriginsE2\DataOutput\HA\AllPictures_27-07-2021\13.jpg;13;HA2;287;0,1;0;28green11ss;;
G:\VPHI\Welfare\2- Research Projects\OFHE2.OriginsE2\DataOutput\HA\HA2\KBF-04-01-2021\Origins 04.01.2021\IHE_PDI\S00001\SER00054\I00001.JPG;G:\VPHI\Welfare\2- Research Projects\OFHE2.OriginsE2\DataOutput\HA\AllPictures_27-07-2021\14.jpg;14;HA2;326;0,5;0;43black8bb;;
G:\VPHI\Welfare\2- Research Projects\OFHE2.OriginsE2\DataOutput\HA\HA5\KBF-26-07-2021\origins1\IHE_PDI\S00001\SER00022\I00001.JPG;G:\VPHI\Welfare\2- Research Projects\OFHE2.OriginsE2\DataOutput\HA\AllPictures_27-07-2021\15.jpg;15;HA5;320;1;0;38orange10sg;;
G:\VPHI\Welfare\2- Research Projects\OFHE2.OriginsE2\DataOutput\HA\HA5\KBF-26-07-2021\origins1\IHE_PDI\S00001\SER00004\I00001.JPG;G:\VPHI\Welfare\2- Research Projects\OFHE2.OriginsE2\DataOutput\HA\AllPictures_27-07-2021\16.jpg;16;HA5;243;1,2;0;72green10;;
G:\VPHI\Welfare\2- Research Projects\OFHE2.OriginsE2\DataOutput\HA\HA2\KBF-04-01-2021\Origins 04.01.2021\IHE_PDI\S00001\SER00028\I00001.JPG;G:\VPHI\Welfare\2- Research Projects\OFHE2.OriginsE2\DataOutput\HA\AllPictures_27-07-2021\17.jpg;17;HA2;31;1,5;1;61green3sbs;;
G:\VPHI\Welfare\2- Research Projects\OFHE2.OriginsE2\DataOutput\HA\HA5\KBF-26-07-2021\origins2\IHE_PDI\S00001\SER00046\I00001.JPG;G:\VPHI\Welfare\2- Research Projects\OFHE2.OriginsE2\DataOutput\HA\AllPictures_27-07-2021\18.jpg;18;HA5;294;1,2;0;73grey4;;
G:\VPHI\Welfare\2- Research Projects\OFHE2.OriginsE2\DataOutput\HA\HA2\KBF-04-01-2021\Origins 04.01.2021\IHE_PDI\S00002\SER00025\I00001.JPG;G:\VPHI\Welfare\2- Research Projects\OFHE2.OriginsE2\DataOutput\HA\AllPictures_27-07-2021\19.jpg;19;HA2;81;0,7;0;35grey5sw;;
G:\VPHI\Welfare\2- Research Projects\OFHE2.OriginsE2\DataOutput\HA\HA5\KBF-26-07-2021\origins2\IHE_PDI\S00001\SER00021\I00001.JPG;G:\VPHI\Welfare\2- Research Projects\OFHE2.OriginsE2\DataOutput\HA\AllPictures_27-07-2021\20.jpg;20;HA5;77;1,7;1;75black11;;
G:\VPHI\Welfare\2- Research Projects\OFHE2.OriginsE2\DataOutput\HA\HA2\KBF-04-01-2021\Origins 04.01.2021\IHE_PDI\S00001\SER00026\I00001.JPG;G:\VPHI\Welfare\2- Research Projects\OFHE2.OriginsE2\DataOutput\HA\AllPictures_27-07-2021\21.jpg;21;HA2;308;0,9;1;32grey3pw;;
G:\VPHI\Welfare\2- Research Projects\OFHE2.OriginsE2\DataOutput\HA\HA5\KBF-26-07-2021\origins2\IHE_PDI\S00001\SER00007\I00001.JPG;G:\VPHI\Welfare\2- Research Projects\OFHE2.OriginsE2\DataOutput\HA\AllPictures_27-07-2021\22.jpg;22;HA5;367;1,6;1;35grey5sw;;
G:\VPHI\Welfare\2- Research Projects\OFHE2.OriginsE2\DataOutput\HA\HA5\KBF-26-07-2021\origins2\IHE_PDI\S00001\SER00012\I00001.JPG;G:\VPHI\Welfare\2- Research Projects\OFHE2.OriginsE2\DataOutput\HA\AllPictures_27-07-2021\23.jpg;23;HA5;364;3,3;1;15black9;;
G:\VPHI\Welfare\2- Research Projects\OFHE2.OriginsE2\DataOutput\HA\HA5\KBF-26-07-2021\origins1\IHE_PDI\S00001\SER00030\I00001.JPG;G:\VPHI\Welfare\2- Research Projects\OFHE2.OriginsE2\DataOutput\HA\AllPictures_27-07-2021\24.jpg;24;HA5;164;1,2;0;3green5gg;;
G:\VPHI\Welfare\2- Research Projects\OFHE2.OriginsE2\DataOutput\HA\HA5\KBF-26-07-2021\origins2\IHE_PDI\S00001\SER00039\I00001.JPG;G:\VPHI\Welfare\2- Research Projects\OFHE2.OriginsE2\DataOutput\HA\AllPictures_27-07-2021\25.jpg;25;HA5;236;2;1;69orange11ps;;
G:\VPHI\Welfare\2- Research Projects\OFHE2.OriginsE2\DataOutput\HA\HA2\KBF-04-01-2021\Origins 04.01.2021\IHE_PDI\S00001\SER00058\I00001.JPG;G:\VPHI\Welfare\2- Research Projects\OFHE2.OriginsE2\DataOutput\HA\AllPictures_27-07-2021\26.jpg;26;HA2;185;0;0;29black8wp;;
G:\VPHI\Welfare\2- Research Projects\OFHE2.OriginsE2\DataOutput\HA\HA2\KBF-04-01-2021\Origins 04.01.2021\IHE_PDI\S00001\SER00069\I00001.JPG;G:\VPHI\Welfare\2- Research Projects\OFHE2.OriginsE2\DataOutput\HA\AllPictures_27-07-2021\27.jpg;27;HA2;359;;;;;
G:\VPHI\Welfare\2- Research Projects\OFHE2.OriginsE2\DataOutput\HA\HA2\KBF-04-01-2021\Origins 04.01.2021\IHE_PDI\S00002\SER00047\I00001.JPG;G:\VPHI\Welfare\2- Research Projects\OFHE2.OriginsE2\DataOutput\HA\AllPictures_27-07-2021\28.jpg;28;HA2;38;1,5;0;62green11gp;;
G:\VPHI\Welfare\2- Research Projects\OFHE2.OriginsE2\DataOutput\HA\HA5\KBF-26-07-2021\origins1\IHE_PDI\S00001\SER00005\I00001.JPG;G:\VPHI\Welfare\2- Research Projects\OFHE2.OriginsE2\DataOutput\HA\AllPictures_27-07-2021\29.jpg;29;HA5;197;1,6;1;45orange8sg;;
G:\VPHI\Welfare\2- Research Projects\OFHE2.OriginsE2\DataOutput\HA\HA2\KBF-04-01-2021\Origins 04.01.2021\IHE_PDI\S00002\SER00021\I00001.JPG;G:\VPHI\Welfare\2- Research Projects\OFHE2.OriginsE2\DataOutput\HA\AllPictures_27-07-2021\30.jpg;30;HA2;142;2;0;20grey5gs;;
G:\VPHI\Welfare\2- Research Projects\OFHE2.OriginsE2\DataOutput\HA\HA2\KBF-04-01-2021\Origins 04.01.2021\IHE_PDI\S00001\SER00082\I00001.JPG;G:\VPHI\Welfare\2- Research Projects\OFHE2.OriginsE2\DataOutput\HA\AllPictures_27-07-2021\31.jpg;31;HA2;99;0,2;0;44green9sw;;
G:\VPHI\Welfare\2- Research Projects\OFHE2.OriginsE2\DataOutput\HA\HA5\KBF-26-07-2021\origins1\IHE_PDI\S00001\SER00035\I00001.JPG;G:\VPHI\Welfare\2- Research Projects\OFHE2.OriginsE2\DataOutput\HA\AllPictures_27-07-2021\32.jpg;32;HA5;242;2,3;0;4grey8;gap is healed;
G:\VPHI\Welfare\2- Research Projects\OFHE2.OriginsE2\DataOutput\HA\HA2\KBF-04-01-2021\Origins 04.01.2021\IHE_PDI\S00001\SER00080\I00001.JPG;G:\VPHI\Welfare\2- Research Projects\OFHE2.OriginsE2\DataOutput\HA\AllPictures_27-07-2021\33.jpg;33;HA2;198;1,7;0;42grey9sb;;
G:\VPHI\Welfare\2- Research Projects\OFHE2.OriginsE2\DataOutput\HA\HA2\KBF-04-01-2021\Origins 04.01.2021\IHE_PDI\S00002\SER00052\I00001.JPG;G:\VPHI\Welfare\2- Research Projects\OFHE2.OriginsE2\DataOutput\HA\AllPictures_27-07-2021\34.jpg;34;HA2;26;1,5;0;26grey11sbs;;
G:\VPHI\Welfare\2- Research Projects\OFHE2.OriginsE2\DataOutput\HA\HA5\KBF-26-07-2021\origins2\IHE_PDI\S00001\SER00045\I00001.JPG;G:\VPHI\Welfare\2- Research Projects\OFHE2.OriginsE2\DataOutput\HA\AllPictures_27-07-2021\35.jpg;35;HA5;123;1,6;0;6grey4;no gap to me;
G:\VPHI\Welfare\2- Research Projects\OFHE2.OriginsE2\DataOutput\HA\HA5\KBF-26-07-2021\origins1\IHE_PDI\S00001\SER00076\I00001.JPG;G:\VPHI\Welfare\2- Research Projects\OFHE2.OriginsE2\DataOutput\HA\AllPictures_27-07-2021\36.jpg;36;HA5;163;1,3;0;33green3bb;;
G:\VPHI\Welfare\2- Research Projects\OFHE2.OriginsE2\DataOutput\HA\HA5\KBF-26-07-2021\origins2\IHE_PDI\S00001\SER00035\I00001.JPG;G:\VPHI\Welfare\2- Research Projects\OFHE2.OriginsE2\DataOutput\HA\AllPictures_27-07-2021\37.jpg;37;HA5;334;1,9;0;70orange11pp;;
G:\VPHI\Welfare\2- Research Projects\OFHE2.OriginsE2\DataOutput\HA\HA5\KBF-26-07-2021\origins1\IHE_PDI\S00001\SER00027\I00001.JPG;G:\VPHI\Welfare\2- Research Projects\OFHE2.OriginsE2\DataOutput\HA\AllPictures_27-07-2021\38.jpg;38;HA5;237;1,8;0;66black10pw;;
G:\VPHI\Welfare\2- Research Projects\OFHE2.OriginsE2\DataOutput\HA\HA5\KBF-26-07-2021\origins1\IHE_PDI\S00001\SER00057\I00001.JPG;G:\VPHI\Welfare\2- Research Projects\OFHE2.OriginsE2\DataOutput\HA\AllPictures_27-07-2021\39.jpg;39;HA5;336;1,2;0;59green5;;
G:\VPHI\Welfare\2- Research Projects\OFHE2.OriginsE2\DataOutput\HA\HA5\KBF-26-07-2021\origins1\IHE_PDI\S00001\SER00058\I00001.JPG;G:\VPHI\Welfare\2- Research Projects\OFHE2.OriginsE2\DataOutput\HA\AllPictures_27-07-2021\40.jpg;40;HA5;299;1,5;0;18green5;;
G:\VPHI\Welfare\2- Research Projects\OFHE2.OriginsE2\DataOutput\HA\HA5\KBF-26-07-2021\origins3\IHE_PDI\S00001\SER00006\I00001.JPG;G:\VPHI\Welfare\2- Research Projects\OFHE2.OriginsE2\DataOutput\HA\AllPictures_27-07-2021\41.jpg;41;HA5;327;2;0;59black12sps;;
G:\VPHI\Welfare\2- Research Projects\OFHE2.OriginsE2\DataOutput\HA\HA5\KBF-26-07-2021\origins1\IHE_PDI\S00001\SER00091\I00001.JPG;G:\VPHI\Welfare\2- Research Projects\OFHE2.OriginsE2\DataOutput\HA\AllPictures_27-07-2021\42.jpg;42;HA5;192;4,2;0;41grey5gwb;;
G:\VPHI\Welfare\2- Research Projects\OFHE2.OriginsE2\DataOutput\HA\HA2\KBF-04-01-2021\Origins 04.01.2021\IHE_PDI\S00001\SER00036\I00001.JPG;G:\VPHI\Welfare\2- Research Projects\OFHE2.OriginsE2\DataOutput\HA\AllPictures_27-07-2021\43.jpg;43;HA2;59;0,9;0;74grey3wp;;
G:\VPHI\Welfare\2- Research Projects\OFHE2.OriginsE2\DataOutput\HA\HA2\KBF-04-01-2021\Origins 04.01.2021\IHE_PDI\S00002\SER00060\I00001.JPG;G:\VPHI\Welfare\2- Research Projects\OFHE2.OriginsE2\DataOutput\HA\AllPictures_27-07-2021\44.jpg;44;HA2;158;0;0;21grey11sps;;
G:\VPHI\Welfare\2- Research Projects\OFHE2.OriginsE2\DataOutput\HA\HA5\KBF-26-07-2021\origins2\IHE_PDI\S00001\SER00001\I00001.JPG;G:\VPHI\Welfare\2- Research Projects\OFHE2.OriginsE2\DataOutput\HA\AllPictures_27-07-2021\45.jpg;45;HA5;167;2;0;49green5sp;;
G:\VPHI\Welfare\2- Research Projects\OFHE2.OriginsE2\DataOutput\HA\HA5\KBF-26-07-2021\origins2\IHE_PDI\S00001\SER00083\I00001.JPG;G:\VPHI\Welfare\2- Research Projects\OFHE2.OriginsE2\DataOutput\HA\AllPictures_27-07-2021\46.jpg;46;HA5;125;2,4;0;60orange12ws;;
G:\VPHI\Welfare\2- Research Projects\OFHE2.OriginsE2\DataOutput\HA\HA5\KBF-26-07-2021\origins2\IHE_PDI\S00001\SER00016\I00001.JPG;G:\VPHI\Welfare\2- Research Projects\OFHE2.OriginsE2\DataOutput\HA\AllPictures_27-07-2021\47.jpg;47;HA5;272;1;0;30black11;;
G:\VPHI\Welfare\2- Research Projects\OFHE2.OriginsE2\DataOutput\HA\HA5\KBF-26-07-2021\origins1\IHE_PDI\S00001\SER00047\I00001.JPG;G:\VPHI\Welfare\2- Research Projects\OFHE2.OriginsE2\DataOutput\HA\AllPictures_27-07-2021\48.jpg;48;HA5;315;2,3;0;20green8sbs;;
G:\VPHI\Welfare\2- Research Projects\OFHE2.OriginsE2\DataOutput\HA\HA2\KBF-04-01-2021\Origins 04.01.2021\IHE_PDI\S00001\SER00013\I00001.JPG;G:\VPHI\Welfare\2- Research Projects\OFHE2.OriginsE2\DataOutput\HA\AllPictures_27-07-2021\49.jpg;49;HA2;67;0,7;0;39orange12bb;;
G:\VPHI\Welfare\2- Research Projects\OFHE2.OriginsE2\DataOutput\HA\HA5\KBF-26-07-2021\origins1\IHE_PDI\S00001\SER00092\I00001.JPG;G:\VPHI\Welfare\2- Research Projects\OFHE2.OriginsE2\DataOutput\HA\AllPictures_27-07-2021\50.jpg;50;HA5;231;1,6;0;57green5pp;;
G:\VPHI\Welfare\2- Research Projects\OFHE2.OriginsE2\DataOutput\HA\HA2\KBF-04-01-2021\Origins 04.01.2021\IHE_PDI\S00001\SER00068\I00001.JPG;G:\VPHI\Welfare\2- Research Projects\OFHE2.OriginsE2\DataOutput\HA\AllPictures_27-07-2021\51.jpg;51;HA2;365;0;0;8grey9sbs;;
G:\VPHI\Welfare\2- Research Projects\OFHE2.OriginsE2\DataOutput\HA\HA2\KBF-04-01-2021\Origins 04.01.2021\IHE_PDI\S00002\SER00001\I00001.JPG;G:\VPHI\Welfare\2- Research Projects\OFHE2.OriginsE2\DataOutput\HA\AllPictures_27-07-2021\52.jpg;52;HA2;35;1,1;0;28black10gg;;
G:\VPHI\Welfare\2- Research Projects\OFHE2.OriginsE2\DataOutput\HA\HA2\KBF-04-01-2021\Origins 04.01.2021\IHE_PDI\S00002\SER00020\I00001.JPG;G:\VPHI\Welfare\2- Research Projects\OFHE2.OriginsE2\DataOutput\HA\AllPictures_27-07-2021\53.jpg;53;HA2;171;0,1;0;30orange10ws;;
G:\VPHI\Welfare\2- Research Projects\OFHE2.OriginsE2\DataOutput\HA\HA5\KBF-26-07-2021\origins1\IHE_PDI\S00001\SER00056\I00001.JPG;G:\VPHI\Welfare\2- Research Projects\OFHE2.OriginsE2\DataOutput\HA\AllPictures_27-07-2021\54.jpg;54;HA5;274;1;0;29grey3ws;;
G:\VPHI\Welfare\2- Research Projects\OFHE2.OriginsE2\DataOutput\HA\HA5\KBF-26-07-2021\origins2\IHE_PDI\S00001\SER00048\I00001.JPG;G:\VPHI\Welfare\2- Research Projects\OFHE2.OriginsE2\DataOutput\HA\AllPictures_27-07-2021\55.jpg;55;HA5;24;2,5;0;48grey4;;
G:\VPHI\Welfare\2- Research Projects\OFHE2.OriginsE2\DataOutput\HA\HA5\KBF-26-07-2021\origins2\IHE_PDI\S00001\SER00071\I00001.JPG;G:\VPHI\Welfare\2- Research Projects\OFHE2.OriginsE2\DataOutput\HA\AllPictures_27-07-2021\56.jpg;56;HA5;50;1,6;0;11green12;;
G:\VPHI\Welfare\2- Research Projects\OFHE2.OriginsE2\DataOutput\HA\HA2\KBF-04-01-2021\Origins 04.01.2021\IHE_PDI\S00001\SER00022\I00001.JPG;G:\VPHI\Welfare\2- Research Projects\OFHE2.OriginsE2\DataOutput\HA\AllPictures_27-07-2021\57.jpg;57;HA2;73;2;1;11grey3sps;;
G:\VPHI\Welfare\2- Research Projects\OFHE2.OriginsE2\DataOutput\HA\HA5\KBF-26-07-2021\origins1\IHE_PDI\S00001\SER00094\I00001.JPG;G:\VPHI\Welfare\2- Research Projects\OFHE2.OriginsE2\DataOutput\HA\AllPictures_27-07-2021\58.jpg;58;HA5;39;2,2;0;72green5sbs;;
G:\VPHI\Welfare\2- Research Projects\OFHE2.OriginsE2\DataOutput\HA\HA5\KBF-26-07-2021\origins1\IHE_PDI\S00001\SER00077\I00001.JPG;G:\VPHI\Welfare\2- Research Projects\OFHE2.OriginsE2\DataOutput\HA\AllPictures_27-07-2021\59.jpg;59;HA5;166;2,5;0;24green3bs;;
G:\VPHI\Welfare\2- Research Projects\OFHE2.OriginsE2\DataOutput\HA\HA5\KBF-26-07-2021\origins1\IHE_PDI\S00001\SER00013\I00001.JPG;G:\VPHI\Welfare\2- Research Projects\OFHE2.OriginsE2\DataOutput\HA\AllPictures_27-07-2021\60.jpg;60;HA5;305;2,2;0;62orange10sw;;
G:\VPHI\Welfare\2- Research Projects\OFHE2.OriginsE2\DataOutput\HA\HA5\KBF-26-07-2021\origins2\IHE_PDI\S00001\SER00006\I00001.JPG;G:\VPHI\Welfare\2- Research Projects\OFHE2.OriginsE2\DataOutput\HA\AllPictures_27-07-2021\61.jpg;61;HA5;90;1,1;0;31green5bs;;
G:\VPHI\Welfare\2- Research Projects\OFHE2.OriginsE2\DataOutput\HA\HA2\KBF-04-01-2021\Origins 04.01.2021\IHE_PDI\S00002\SER00019\I00001.JPG;G:\VPHI\Welfare\2- Research Projects\OFHE2.OriginsE2\DataOutput\HA\AllPictures_27-07-2021\62.jpg;62;HA2;181;0,4;0;39black10gs;;
G:\VPHI\Welfare\2- Research Projects\OFHE2.OriginsE2\DataOutput\HA\HA5\KBF-26-07-2021\origins1\IHE_PDI\S00001\SER00083\I00001.JPG;G:\VPHI\Welfare\2- Research Projects\OFHE2.OriginsE2\DataOutput\HA\AllPictures_27-07-2021\63.jpg;63;HA5;150;0,3;0;60orange3;;
G:\VPHI\Welfare\2- Research Projects\OFHE2.OriginsE2\DataOutput\HA\HA5\KBF-26-07-2021\origins2\IHE_PDI\S00001\SER00061\I00001.JPG;G:\VPHI\Welfare\2- Research Projects\OFHE2.OriginsE2\DataOutput\HA\AllPictures_27-07-2021\64.jpg;64;HA5;370;1,7;0;73green9wg;;
G:\VPHI\Welfare\2- Research Projects\OFHE2.OriginsE2\DataOutput\HA\HA5\KBF-26-07-2021\origins1\IHE_PDI\S00001\SER00012\I00001.JPG;G:\VPHI\Welfare\2- Research Projects\OFHE2.OriginsE2\DataOutput\HA\AllPictures_27-07-2021\65.jpg;65;HA5;325;1,9;0;27orange10wg;;
G:\VPHI\Welfare\2- Research Projects\OFHE2.OriginsE2\DataOutput\HA\HA5\KBF-26-07-2021\origins2\IHE_PDI\S00001\SER00013\I00001.JPG;G:\VPHI\Welfare\2- Research Projects\OFHE2.OriginsE2\DataOutput\HA\AllPictures_27-07-2021\66.jpg;66;HA5;352;2,9;0;69black9;;
G:\VPHI\Welfare\2- Research Projects\OFHE2.OriginsE2\DataOutput\HA\HA2\KBF-04-01-2021\Origins 04.01.2021\IHE_PDI\S00001\SER00074\I00001.JPG;G:\VPHI\Welfare\2- Research Projects\OFHE2.OriginsE2\DataOutput\HA\AllPictures_27-07-2021\67.jpg;67;HA2;89;0,2;0;55green9sg;;
G:\VPHI\Welfare\2- Research Projects\OFHE2.OriginsE2\DataOutput\HA\HA2\KBF-04-01-2021\Origins 04.01.2021\IHE_PDI\S00001\SER00002\I00001.JPG;G:\VPHI\Welfare\2- Research Projects\OFHE2.OriginsE2\DataOutput\HA\AllPictures_27-07-2021\68.jpg;68;HA2;319;0,1;0;32orange12sb;;
G:\VPHI\Welfare\2- Research Projects\OFHE2.OriginsE2\DataOutput\HA\HA2\KBF-04-01-2021\Origins 04.01.2021\IHE_PDI\S00002\SER00011\I00001.JPG;G:\VPHI\Welfare\2- Research Projects\OFHE2.OriginsE2\DataOutput\HA\AllPictures_27-07-2021\69.jpg;69;HA2;362;0;0;18orange10pw;;
G:\VPHI\Welfare\2- Research Projects\OFHE2.OriginsE2\DataOutput\HA\HA5\KBF-26-07-2021\origins3\IHE_PDI\S00001\SER00004\I00001.JPG;G:\VPHI\Welfare\2- Research Projects\OFHE2.OriginsE2\DataOutput\HA\AllPictures_27-07-2021\70.jpg;70;HA5;322;2;0;27black12sbs;;
G:\VPHI\Welfare\2- Research Projects\OFHE2.OriginsE2\DataOutput\HA\HA2\KBF-04-01-2021\Origins 04.01.2021\IHE_PDI\S00001\SER00060\I00001.JPG;G:\VPHI\Welfare\2- Research Projects\OFHE2.OriginsE2\DataOutput\HA\AllPictures_27-07-2021\71.jpg;71;HA2;93;1,5;0;73orange8pp;;
G:\VPHI\Welfare\2- Research Projects\OFHE2.OriginsE2\DataOutput\HA\HA5\KBF-26-07-2021\origins2\IHE_PDI\S00001\SER00059\I00001.JPG;G:\VPHI\Welfare\2- Research Projects\OFHE2.OriginsE2\DataOutput\HA\AllPictures_27-07-2021\72.jpg;72;HA5;91;2,3;0;53orange9pp;;
G:\VPHI\Welfare\2- Research Projects\OFHE2.OriginsE2\DataOutput\HA\HA5\KBF-26-07-2021\origins1\IHE_PDI\S00001\SER00060\I00001.JPG;G:\VPHI\Welfare\2- Research Projects\OFHE2.OriginsE2\DataOutput\HA\AllPictures_27-07-2021\73.jpg;73;HA5;122;1,7;0;25green5;;
G:\VPHI\Welfare\2- Research Projects\OFHE2.OriginsE2\DataOutput\HA\HA5\KBF-26-07-2021\origins2\IHE_PDI\S00001\SER00025\I00001.JPG;G:\VPHI\Welfare\2- Research Projects\OFHE2.OriginsE2\DataOutput\HA\AllPictures_27-07-2021\74.jpg;74;HA5;338;1,5;0;57orange11wg;;
G:\VPHI\Welfare\2- Research Projects\OFHE2.OriginsE2\DataOutput\HA\HA2\KBF-04-01-2021\Origins 04.01.2021\IHE_PDI\S00001\SER00038\I00001.JPG;G:\VPHI\Welfare\2- Research Projects\OFHE2.OriginsE2\DataOutput\HA\AllPictures_27-07-2021\75.jpg;75;HA2;80;0,5;0;39grey3ws;;
G:\VPHI\Welfare\2- Research Projects\OFHE2.OriginsE2\DataOutput\HA\HA5\KBF-26-07-2021\origins1\IHE_PDI\S00001\SER00024\I00001.JPG;G:\VPHI\Welfare\2- Research Projects\OFHE2.OriginsE2\DataOutput\HA\AllPictures_27-07-2021\76.jpg;76;HA5;104;0,8;0;72black10wp;;
G:\VPHI\Welfare\2- Research Projects\OFHE2.OriginsE2\DataOutput\HA\HA5\KBF-26-07-2021\origins1\IHE_PDI\S00001\SER00029\I00001.JPG;G:\VPHI\Welfare\2- Research Projects\OFHE2.OriginsE2\DataOutput\HA\AllPictures_27-07-2021\77.jpg;77;HA5;316;1,8;0;62green5wp;;
G:\VPHI\Welfare\2- Research Projects\OFHE2.OriginsE2\DataOutput\HA\HA2\KBF-04-01-2021\Origins 04.01.2021\IHE_PDI\S00002\SER00023\I00001.JPG;G:\VPHI\Welfare\2- Research Projects\OFHE2.OriginsE2\DataOutput\HA\AllPictures_27-07-2021\78.jpg;78;HA2;154;1,5;1;27grey5ss;;
G:\VPHI\Welfare\2- Research Projects\OFHE2.OriginsE2\DataOutput\HA\HA2\KBF-04-01-2021\Origins 04.01.2021\IHE_PDI\S00001\SER00012\I00001.JPG;G:\VPHI\Welfare\2- Research Projects\OFHE2.OriginsE2\DataOutput\HA\AllPictures_27-07-2021\79.jpg;79;HA2;264;1,8;0;24orange12sw;;
G:\VPHI\Welfare\2- Research Projects\OFHE2.OriginsE2\DataOutput\HA\HA2\KBF-04-01-2021\Origins 04.01.2021\IHE_PDI\S00001\SER00078\I00001.JPG;G:\VPHI\Welfare\2- Research Projects\OFHE2.OriginsE2\DataOutput\HA\AllPictures_27-07-2021\80.jpg;80;HA2;355;0,1;0;22green9wp;;
G:\VPHI\Welfare\2- Research Projects\OFHE2.OriginsE2\DataOutput\HA\HA5\KBF-26-07-2021\origins2\IHE_PDI\S00001\SER00049\I00001.JPG;G:\VPHI\Welfare\2- Research Projects\OFHE2.OriginsE2\DataOutput\HA\AllPictures_27-07-2021\81.jpg;81;HA5;278;2,4;0;59grey4;;
G:\VPHI\Welfare\2- Research Projects\OFHE2.OriginsE2\DataOutput\HA\HA5\KBF-26-07-2021\origins2\IHE_PDI\S00001\SER00027\I00001.JPG;G:\VPHI\Welfare\2- Research Projects\OFHE2.OriginsE2\DataOutput\HA\AllPictures_27-07-2021\82.jpg;82;HA5;160;2,8;0;23green11gs;;
G:\VPHI\Welfare\2- Research Projects\OFHE2.OriginsE2\DataOutput\HA\HA2\KBF-04-01-2021\Origins 04.01.2021\IHE_PDI\S00002\SER00036\I00001.JPG;G:\VPHI\Welfare\2- Research Projects\OFHE2.OriginsE2\DataOutput\HA\AllPictures_27-07-2021\83.jpg;83;HA2;296;1;0;2grey5pb;;
G:\VPHI\Welfare\2- Research Projects\OFHE2.OriginsE2\DataOutput\HA\HA2\KBF-04-01-2021\Origins 04.01.2021\IHE_PDI\S00001\SER00027\I00001.JPG;G:\VPHI\Welfare\2- Research Projects\OFHE2.OriginsE2\DataOutput\HA\AllPictures_27-07-2021\84.jpg;84;HA2;92;2,2;0;36green3sg;;
G:\VPHI\Welfare\2- Research Projects\OFHE2.OriginsE2\DataOutput\HA\HA5\KBF-26-07-2021\origins2\IHE_PDI\S00001\SER00017\I00001.JPG;G:\VPHI\Welfare\2- Research Projects\OFHE2.OriginsE2\DataOutput\HA\AllPictures_27-07-2021\85.jpg;85;HA5;313;2;0;68black11;;
G:\VPHI\Welfare\2- Research Projects\OFHE2.OriginsE2\DataOutput\HA\HA5\KBF-26-07-2021\origins3\IHE_PDI\S00001\SER00024\I00001.JPG;G:\VPHI\Welfare\2- Research Projects\OFHE2.OriginsE2\DataOutput\HA\AllPictures_27-07-2021\86.jpg;86;HA5;297;2;0;46black4pp;;
G:\VPHI\Welfare\2- Research Projects\OFHE2.OriginsE2\DataOutput\HA\HA5\KBF-26-07-2021\origins3\IHE_PDI\S00001\SER00007\I00001.JPG;G:\VPHI\Welfare\2- Research Projects\OFHE2.OriginsE2\DataOutput\HA\AllPictures_27-07-2021\87.jpg;87;HA5;293;0,8;0;70black12gg;;
G:\VPHI\Welfare\2- Research Projects\OFHE2.OriginsE2\DataOutput\HA\HA2\KBF-04-01-2021\Origins 04.01.2021\IHE_PDI\S00002\SER00004\I00001.JPG;G:\VPHI\Welfare\2- Research Projects\OFHE2.OriginsE2\DataOutput\HA\AllPictures_27-07-2021\88.jpg;88;HA2;10;1,6;0;36orange10gwb;;
G:\VPHI\Welfare\2- Research Projects\OFHE2.OriginsE2\DataOutput\HA\HA2\KBF-04-01-2021\Origins 04.01.2021\IHE_PDI\S00002\SER00043\I00001.JPG;G:\VPHI\Welfare\2- Research Projects\OFHE2.OriginsE2\DataOutput\HA\AllPictures_27-07-2021\89.jpg;89;HA2;178;0;0;72grey11pp;;
G:\VPHI\Welfare\2- Research Projects\OFHE2.OriginsE2\DataOutput\HA\HA2\KBF-04-01-2021\Origins 04.01.2021\IHE_PDI\S00001\SER00001\I00001.JPG;G:\VPHI\Welfare\2- Research Projects\OFHE2.OriginsE2\DataOutput\HA\AllPictures_27-07-2021\90.jpg;90;HA2;353;2,4;0;42orange12wp;;
G:\VPHI\Welfare\2- Research Projects\OFHE2.OriginsE2\DataOutput\HA\HA5\KBF-26-07-2021\origins3\IHE_PDI\BANNER.JPG;G:\VPHI\Welfare\2- Research Projects\OFHE2.OriginsE2\DataOutput\HA\AllPictures_27-07-2021\91.jpg;91;HA5;30;;;;;
G:\VPHI\Welfare\2- Research Projects\OFHE2.OriginsE2\DataOutput\HA\HA2\KBF-04-01-2021\Origins 04.01.2021\IHE_PDI\S00002\SER00010\I00001.JPG;G:\VPHI\Welfare\2- Research Projects\OFHE2.OriginsE2\DataOutput\HA\AllPictures_27-07-2021\92.jpg;92;HA2;94;0,1;0;55orange10ss;;
G:\VPHI\Welfare\2- Research Projects\OFHE2.OriginsE2\DataOutput\HA\HA5\KBF-26-07-2021\origins1\IHE_PDI\S00001\SER00026\I00001.JPG;G:\VPHI\Welfare\2- Research Projects\OFHE2.OriginsE2\DataOutput\HA\AllPictures_27-07-2021\93.jpg;93;HA5;62;1,6;0;61orange10ps;;
G:\VPHI\Welfare\2- Research Projects\OFHE2.OriginsE2\DataOutput\HA\HA2\KBF-04-01-2021\Origins 04.01.2021\IHE_PDI\S00001\SER00081\I00001.JPG;G:\VPHI\Welfare\2- Research Projects\OFHE2.OriginsE2\DataOutput\HA\AllPictures_27-07-2021\94.jpg;94;HA2;227;1,1;0;76grey9bb;;
G:\VPHI\Welfare\2- Research Projects\OFHE2.OriginsE2\DataOutput\HA\HA2\KBF-04-01-2021\Origins 04.01.2021\IHE_PDI\S00001\SER00070\I00001.JPG;G:\VPHI\Welfare\2- Research Projects\OFHE2.OriginsE2\DataOutput\HA\AllPictures_27-07-2021\95.jpg;95;HA2;188;0,3;0;54green9ss;;
G:\VPHI\Welfare\2- Research Projects\OFHE2.OriginsE2\DataOutput\HA\HA2\KBF-04-01-2021\Origins 04.01.2021\IHE_PDI\S00001\SER00024\I00001.JPG;G:\VPHI\Welfare\2- Research Projects\OFHE2.OriginsE2\DataOutput\HA\AllPictures_27-07-2021\96.jpg;96;HA2;298;1,4;0;24green3bs;;
G:\VPHI\Welfare\2- Research Projects\OFHE2.OriginsE2\DataOutput\HA\HA2\KBF-04-01-2021\Origins 04.01.2021\IHE_PDI\S00002\SER00039\I00001.JPG;G:\VPHI\Welfare\2- Research Projects\OFHE2.OriginsE2\DataOutput\HA\AllPictures_27-07-2021\97.jpg;97;HA2;70;1,8;0;29grey5bb;;
G:\VPHI\Welfare\2- Research Projects\OFHE2.OriginsE2\DataOutput\HA\HA5\KBF-26-07-2021\origins1\IHE_PDI\S00001\SER00074\I00001.JPG;G:\VPHI\Welfare\2- Research Projects\OFHE2.OriginsE2\DataOutput\HA\AllPictures_27-07-2021\98.jpg;98;HA5;261;1,2;0;25green3gs;;
G:\VPHI\Welfare\2- Research Projects\OFHE2.OriginsE2\DataOutput\HA\HA5\KBF-26-07-2021\origins1\IHE_PDI\S00001\SER00093\I00001.JPG;G:\VPHI\Welfare\2- Research Projects\OFHE2.OriginsE2\DataOutput\HA\AllPictures_27-07-2021\99.jpg;99;HA5;152;3,4;0;13green5bb;;
G:\VPHI\Welfare\2- Research Projects\OFHE2.OriginsE2\DataOutput\HA\HA5\KBF-26-07-2021\origins2\IHE_PDI\S00001\SER00077\I00001.JPG;G:\VPHI\Welfare\2- Research Projects\OFHE2.OriginsE2\DataOutput\HA\AllPictures_27-07-2021\100.jpg;100;HA5;363;0,8;0;53black12gwb;;
G:\VPHI\Welfare\2- Research Projects\OFHE2.OriginsE2\DataOutput\HA\HA5\KBF-26-07-2021\origins1\IHE_PDI\S00001\SER00014\I00001.JPG;G:\VPHI\Welfare\2- Research Projects\OFHE2.OriginsE2\DataOutput\HA\AllPictures_27-07-2021\101.jpg;101;HA5;34;1,9;0;36orange10gwb;;
G:\VPHI\Welfare\2- Research Projects\OFHE2.OriginsE2\DataOutput\HA\HA5\KBF-26-07-2021\origins2\IHE_PDI\S00001\SER00044\I00001.JPG;G:\VPHI\Welfare\2- Research Projects\OFHE2.OriginsE2\DataOutput\HA\AllPictures_27-07-2021\102.jpg;102;HA5;184;2,6;1;24grey4;;
G:\VPHI\Welfare\2- Research Projects\OFHE2.OriginsE2\DataOutput\HA\HA2\KBF-04-01-2021\Origins 04.01.2021\IHE_PDI\S00002\SER00044\I00001.JPG;G:\VPHI\Welfare\2- Research Projects\OFHE2.OriginsE2\DataOutput\HA\AllPictures_27-07-2021\103.jpg;103;HA2;306;2,2;0;17grey11sp;;
G:\VPHI\Welfare\2- Research Projects\OFHE2.OriginsE2\DataOutput\HA\HA5\KBF-26-07-2021\origins2\IHE_PDI\S00001\SER00042\I00001.JPG;G:\VPHI\Welfare\2- Research Projects\OFHE2.OriginsE2\DataOutput\HA\AllPictures_27-07-2021\104.jpg;104;HA5;252;2,2;0;4green11ws;;
G:\VPHI\Welfare\2- Research Projects\OFHE2.OriginsE2\DataOutput\HA\HA5\KBF-26-07-2021\origins1\IHE_PDI\S00001\SER00028\I00001.JPG;G:\VPHI\Welfare\2- Research Projects\OFHE2.OriginsE2\DataOutput\HA\AllPictures_27-07-2021\105.jpg;105;HA5;208;1,8;0;54black10pp;;
G:\VPHI\Welfare\2- Research Projects\OFHE2.OriginsE2\DataOutput\HA\HA5\KBF-26-07-2021\origins1\IHE_PDI\S00001\SER00033\I00001.JPG;G:\VPHI\Welfare\2- Research Projects\OFHE2.OriginsE2\DataOutput\HA\AllPictures_27-07-2021\106.jpg;106;HA5;100;2,5;0;33grey8;;
G:\VPHI\Welfare\2- Research Projects\OFHE2.OriginsE2\DataOutput\HA\HA5\KBF-26-07-2021\origins2\IHE_PDI\S00001\SER00076\I00001.JPG;G:\VPHI\Welfare\2- Research Projects\OFHE2.OriginsE2\DataOutput\HA\AllPictures_27-07-2021\107.jpg;107;HA5;72;2,3;0;52orange12pp;;
G:\VPHI\Welfare\2- Research Projects\OFHE2.OriginsE2\DataOutput\HA\HA2\KBF-04-01-2021\Origins 04.01.2021\IHE_PDI\S00001\SER00062\I00001.JPG;G:\VPHI\Welfare\2- Research Projects\OFHE2.OriginsE2\DataOutput\HA\AllPictures_27-07-2021\108.jpg;108;HA2;103;0;0;67green9sps;;
G:\VPHI\Welfare\2- Research Projects\OFHE2.OriginsE2\DataOutput\HA\HA2\KBF-04-01-2021\Origins 04.01.2021\IHE_PDI\S00001\SER00067\I00001.JPG;G:\VPHI\Welfare\2- Research Projects\OFHE2.OriginsE2\DataOutput\HA\AllPictures_27-07-2021\109.jpg;109;HA2;343;0;0;13green9gg;;
G:\VPHI\Welfare\2- Research Projects\OFHE2.OriginsE2\DataOutput\HA\HA2\KBF-04-01-2021\Origins 04.01.2021\IHE_PDI\S00002\SER00033\I00001.JPG;G:\VPHI\Welfare\2- Research Projects\OFHE2.OriginsE2\DataOutput\HA\AllPictures_27-07-2021\110.jpg;110;HA2;286;0,6;0;50grey5sg;;
G:\VPHI\Welfare\2- Research Projects\OFHE2.OriginsE2\DataOutput\HA\HA5\KBF-26-07-2021\origins1\IHE_PDI\S00001\SER00073\I00001.JPG;G:\VPHI\Welfare\2- Research Projects\OFHE2.OriginsE2\DataOutput\HA\AllPictures_27-07-2021\111.jpg;111;HA5;131;0,3;0;60green3gg;;
G:\VPHI\Welfare\2- Research Projects\OFHE2.OriginsE2\DataOutput\HA\HA5\KBF-26-07-2021\origins3\IHE_PDI\S00001\SER00013\I00001.JPG;G:\VPHI\Welfare\2- Research Projects\OFHE2.OriginsE2\DataOutput\HA\AllPictures_27-07-2021\112.jpg;112;HA5;20;2,3;0;53orange4bs;;
G:\VPHI\Welfare\2- Research Projects\OFHE2.OriginsE2\DataOutput\HA\HA5\KBF-26-07-2021\origins2\IHE_PDI\S00001\SER00011\I00001.JPG;G:\VPHI\Welfare\2- Research Projects\OFHE2.OriginsE2\DataOutput\HA\AllPictures_27-07-2021\113.jpg;113;HA5;344;2,3;0;12black9;;
G:\VPHI\Welfare\2- Research Projects\OFHE2.OriginsE2\DataOutput\HA\HA5\KBF-26-07-2021\origins3\IHE_PDI\S00001\SER00015\I00001.JPG;G:\VPHI\Welfare\2- Research Projects\OFHE2.OriginsE2\DataOutput\HA\AllPictures_27-07-2021\114.jpg;114;HA5;36;2;0;63black4gg;;
G:\VPHI\Welfare\2- Research Projects\OFHE2.OriginsE2\DataOutput\HA\HA2\KBF-04-01-2021\Origins 04.01.2021\IHE_PDI\S00002\SER00078\I00001.JPG;G:\VPHI\Welfare\2- Research Projects\OFHE2.OriginsE2\DataOutput\HA\AllPictures_27-07-2021\115.jpg;115;HA2;133;0,1;0;48black4sw;;
G:\VPHI\Welfare\2- Research Projects\OFHE2.OriginsE2\DataOutput\HA\HA2\KBF-04-01-2021\Origins 04.01.2021\IHE_PDI\S00001\SER00021\I00001.JPG;G:\VPHI\Welfare\2- Research Projects\OFHE2.OriginsE2\DataOutput\HA\AllPictures_27-07-2021\116.jpg;116;HA2;111;0;0;21green3ss;;
G:\VPHI\Welfare\2- Research Projects\OFHE2.OriginsE2\DataOutput\HA\HA5\KBF-26-07-2021\origins1\IHE_PDI\S00001\SER00043\I00001.JPG;G:\VPHI\Welfare\2- Research Projects\OFHE2.OriginsE2\DataOutput\HA\AllPictures_27-07-2021\117.jpg;117;HA5;321;1,9;0;12green8gp;;
G:\VPHI\Welfare\2- Research Projects\OFHE2.OriginsE2\DataOutput\HA\HA5\KBF-26-07-2021\origins1\IHE_PDI\S00001\SER00072\I00001.JPG;G:\VPHI\Welfare\2- Research Projects\OFHE2.OriginsE2\DataOutput\HA\AllPictures_27-07-2021\118.jpg;118;HA5;226;1,6;0;49grey3gwb;;
G:\VPHI\Welfare\2- Research Projects\OFHE2.OriginsE2\DataOutput\HA\HA2\KBF-04-01-2021\Origins 04.01.2021\IHE_PDI\S00002\SER00002\I00001.JPG;G:\VPHI\Welfare\2- Research Projects\OFHE2.OriginsE2\DataOutput\HA\AllPictures_27-07-2021\119.jpg;119;HA2;233;1,9;1;23orange10pp;;
G:\VPHI\Welfare\2- Research Projects\OFHE2.OriginsE2\DataOutput\HA\HA2\KBF-04-01-2021\Origins 04.01.2021\IHE_PDI\S00002\SER00016\I00001.JPG;G:\VPHI\Welfare\2- Research Projects\OFHE2.OriginsE2\DataOutput\HA\AllPictures_27-07-2021\120.jpg;120;HA2;317;0;0;74black10bb;;
G:\VPHI\Welfare\2- Research Projects\OFHE2.OriginsE2\DataOutput\HA\HA5\KBF-26-07-2021\origins1\IHE_PDI\S00001\SER00048\I00001.JPG;G:\VPHI\Welfare\2- Research Projects\OFHE2.OriginsE2\DataOutput\HA\AllPictures_27-07-2021\121.jpg;121;HA5;143;1,2;0;57black8ss;;
G:\VPHI\Welfare\2- Research Projects\OFHE2.OriginsE2\DataOutput\HA\HA5\KBF-26-07-2021\origins2\IHE_PDI\S00001\SER00056\I00001.JPG;G:\VPHI\Welfare\2- Research Projects\OFHE2.OriginsE2\DataOutput\HA\AllPictures_27-07-2021\122.jpg;122;HA5;174;2,1;0;66grey9sp;;
G:\VPHI\Welfare\2- Research Projects\OFHE2.OriginsE2\DataOutput\HA\HA5\KBF-26-07-2021\origins1\IHE_PDI\S00001\SER00032\I00001.JPG;G:\VPHI\Welfare\2- Research Projects\OFHE2.OriginsE2\DataOutput\HA\AllPictures_27-07-2021\123.jpg;123;HA5;128;0,6;0;1grey8;;
G:\VPHI\Welfare\2- Research Projects\OFHE2.OriginsE2\DataOutput\HA\HA5\KBF-26-07-2021\origins1\IHE_PDI\S00001\SER00031\I00001.JPG;G:\VPHI\Welfare\2- Research Projects\OFHE2.OriginsE2\DataOutput\HA\AllPictures_27-07-2021\124.jpg;124;HA5;85;2,6;0;16grey8;;
G:\VPHI\Welfare\2- Research Projects\OFHE2.OriginsE2\DataOutput\HA\HA5\KBF-26-07-2021\origins1\IHE_PDI\S00001\SER00021\I00001.JPG;G:\VPHI\Welfare\2- Research Projects\OFHE2.OriginsE2\DataOutput\HA\AllPictures_27-07-2021\125.jpg;125;HA5;120;2;0;73black10sp;;
G:\VPHI\Welfare\2- Research Projects\OFHE2.OriginsE2\DataOutput\HA\HA2\KBF-04-01-2021\Origins 04.01.2021\IHE_PDI\S00001\SER00004\I00001.JPG;G:\VPHI\Welfare\2- Research Projects\OFHE2.OriginsE2\DataOutput\HA\AllPictures_27-07-2021\126.jpg;126;HA2;345;0;0;53black12gwb;;
G:\VPHI\Welfare\2- Research Projects\OFHE2.OriginsE2\DataOutput\HA\HA2\KBF-04-01-2021\Origins 04.01.2021\IHE_PDI\S00002\SER00055\I00001.JPG;G:\VPHI\Welfare\2- Research Projects\OFHE2.OriginsE2\DataOutput\HA\AllPictures_27-07-2021\127.jpg;127;HA2;126;1;0;25grey11bb;;
G:\VPHI\Welfare\2- Research Projects\OFHE2.OriginsE2\DataOutput\HA\HA5\KBF-26-07-2021\origins2\IHE_PDI\S00001\SER00030\I00001.JPG;G:\VPHI\Welfare\2- Research Projects\OFHE2.OriginsE2\DataOutput\HA\AllPictures_27-07-2021\128.jpg;128;HA5;49;1,2;0;35green11sb;;
G:\VPHI\Welfare\2- Research Projects\OFHE2.OriginsE2\DataOutput\HA\HA2\KBF-04-01-2021\Origins 04.01.2021\IHE_PDI\S00002\SER00032\I00001.JPG;G:\VPHI\Welfare\2- Research Projects\OFHE2.OriginsE2\DataOutput\HA\AllPictures_27-07-2021\129.jpg;129;HA2;269;0,7;0;3green5gg;;
G:\VPHI\Welfare\2- Research Projects\OFHE2.OriginsE2\DataOutput\HA\HA2\KBF-04-01-2021\Origins 04.01.2021\IHE_PDI\S00001\SER00057\I00001.JPG;G:\VPHI\Welfare\2- Research Projects\OFHE2.OriginsE2\DataOutput\HA\AllPictures_27-07-2021\130.jpg;130;HA2;349;0,8;0;56orange8ws;;
G:\VPHI\Welfare\2- Research Projects\OFHE2.OriginsE2\DataOutput\HA\HA5\KBF-26-07-2021\origins2\IHE_PDI\S00001\SER00082\I00001.JPG;G:\VPHI\Welfare\2- Research Projects\OFHE2.OriginsE2\DataOutput\HA\AllPictures_27-07-2021\131.jpg;131;HA5;25;2;0;51orange12wg;;
G:\VPHI\Welfare\2- Research Projects\OFHE2.OriginsE2\DataOutput\HA\HA5\KBF-26-07-2021\origins1\IHE_PDI\S00001\SER00071\I00001.JPG;G:\VPHI\Welfare\2- Research Projects\OFHE2.OriginsE2\DataOutput\HA\AllPictures_27-07-2021\132.jpg;132;HA5;210;2,8;1;23grey3wg;;
G:\VPHI\Welfare\2- Research Projects\OFHE2.OriginsE2\DataOutput\HA\HA2\KBF-04-01-2021\Origins 04.01.2021\IHE_PDI\S00002\SER00068\I00001.JPG;G:\VPHI\Welfare\2- Research Projects\OFHE2.OriginsE2\DataOutput\HA\AllPictures_27-07-2021\133.jpg;133;HA2;323;0,8;0;37black4sp;;
G:\VPHI\Welfare\2- Research Projects\OFHE2.OriginsE2\DataOutput\HA\HA5\KBF-26-07-2021\origins1\IHE_PDI\S00001\SER00053\I00001.JPG;G:\VPHI\Welfare\2- Research Projects\OFHE2.OriginsE2\DataOutput\HA\AllPictures_27-07-2021\134.jpg;134;HA5;96;0;0;29black8wp;;
G:\VPHI\Welfare\2- Research Projects\OFHE2.OriginsE2\DataOutput\HA\HA5\KBF-26-07-2021\origins2\IHE_PDI\S00001\SER00067\I00001.JPG;G:\VPHI\Welfare\2- Research Projects\OFHE2.OriginsE2\DataOutput\HA\AllPictures_27-07-2021\135.jpg;135;HA5;239;2;0;66orange9bs;;
G:\VPHI\Welfare\2- Research Projects\OFHE2.OriginsE2\DataOutput\HA\HA2\KBF-04-01-2021\Origins 04.01.2021\IHE_PDI\S00002\SER00069\I00001.JPG;G:\VPHI\Welfare\2- Research Projects\OFHE2.OriginsE2\DataOutput\HA\AllPictures_27-07-2021\136.jpg;136;HA2;357;0,1;0;35orange4wg;;
G:\VPHI\Welfare\2- Research Projects\OFHE2.OriginsE2\DataOutput\HA\HA2\KBF-04-01-2021\Origins 04.01.2021\IHE_PDI\S00002\SER00024\I00001.JPG;G:\VPHI\Welfare\2- Research Projects\OFHE2.OriginsE2\DataOutput\HA\AllPictures_27-07-2021\137.jpg;137;HA2;203;1,2;1;74green5wg;;
G:\VPHI\Welfare\2- Research Projects\OFHE2.OriginsE2\DataOutput\HA\HA2\KBF-04-01-2021\Origins 04.01.2021\IHE_PDI\S00002\SER00075\I00001.JPG;G:\VPHI\Welfare\2- Research Projects\OFHE2.OriginsE2\DataOutput\HA\AllPictures_27-07-2021\138.jpg;138;HA2;268;0;0;3black4gp;;
G:\VPHI\Welfare\2- Research Projects\OFHE2.OriginsE2\DataOutput\HA\HA2\KBF-04-01-2021\Origins 04.01.2021\IHE_PDI\S00002\SER00077\I00001.JPG;G:\VPHI\Welfare\2- Research Projects\OFHE2.OriginsE2\DataOutput\HA\AllPictures_27-07-2021\139.jpg;139;HA2;295;0;0;72black4ss;;
G:\VPHI\Welfare\2- Research Projects\OFHE2.OriginsE2\DataOutput\HA\HA2\KBF-04-01-2021\Origins 04.01.2021\IHE_PDI\S00001\SER00033\I00001.JPG;G:\VPHI\Welfare\2- Research Projects\OFHE2.OriginsE2\DataOutput\HA\AllPictures_27-07-2021\140.jpg;140;HA2;173;0,2;0;25green3gs;;
G:\VPHI\Welfare\2- Research Projects\OFHE2.OriginsE2\DataOutput\HA\HA5\KBF-26-07-2021\origins1\IHE_PDI\S00001\SER00090\I00001.JPG;G:\VPHI\Welfare\2- Research Projects\OFHE2.OriginsE2\DataOutput\HA\AllPictures_27-07-2021\141.jpg;141;HA5;337;2,7;0;34green5ps;;
G:\VPHI\Welfare\2- Research Projects\OFHE2.OriginsE2\DataOutput\HA\HA2\KBF-04-01-2021\Origins 04.01.2021\IHE_PDI\S00001\SER00073\I00001.JPG;G:\VPHI\Welfare\2- Research Projects\OFHE2.OriginsE2\DataOutput\HA\AllPictures_27-07-2021\142.jpg;142;HA2;33;0,1;0;19green9pw;;
G:\VPHI\Welfare\2- Research Projects\OFHE2.OriginsE2\DataOutput\HA\HA2\KBF-04-01-2021\Origins 04.01.2021\IHE_PDI\S00002\SER00008\I00001.JPG;G:\VPHI\Welfare\2- Research Projects\OFHE2.OriginsE2\DataOutput\HA\AllPictures_27-07-2021\143.jpg;143;HA2;183;0;0;19black10ps;;
G:\VPHI\Welfare\2- Research Projects\OFHE2.OriginsE2\DataOutput\HA\HA5\KBF-26-07-2021\origins2\IHE_PDI\S00001\SER00033\I00001.JPG;G:\VPHI\Welfare\2- Research Projects\OFHE2.OriginsE2\DataOutput\HA\AllPictures_27-07-2021\144.jpg;144;HA5;144;1,4;0;26green11pb;;
G:\VPHI\Welfare\2- Research Projects\OFHE2.OriginsE2\DataOutput\HA\HA2\KBF-04-01-2021\Origins 04.01.2021\IHE_PDI\S00001\SER00061\I00001.JPG;G:\VPHI\Welfare\2- Research Projects\OFHE2.OriginsE2\DataOutput\HA\AllPictures_27-07-2021\145.jpg;145;HA2;106;0,3;0;37grey9gp;;
G:\VPHI\Welfare\2- Research Projects\OFHE2.OriginsE2\DataOutput\HA\HA2\KBF-04-01-2021\Origins 04.01.2021\IHE_PDI\S00001\SER00034\I00001.JPG;G:\VPHI\Welfare\2- Research Projects\OFHE2.OriginsE2\DataOutput\HA\AllPictures_27-07-2021\146.jpg;146;HA2;304;1,4;1;49grey3gwb;;
G:\VPHI\Welfare\2- Research Projects\OFHE2.OriginsE2\DataOutput\HA\HA5\KBF-26-07-2021\origins3\IHE_PDI\S00001\SER00012\I00001.JPG;G:\VPHI\Welfare\2- Research Projects\OFHE2.OriginsE2\DataOutput\HA\AllPictures_27-07-2021\147.jpg;147;HA5;273;0,6;0;40black4ps;;
G:\VPHI\Welfare\2- Research Projects\OFHE2.OriginsE2\DataOutput\HA\HA5\KBF-26-07-2021\origins1\IHE_PDI\S00001\SER00042\I00001.JPG;G:\VPHI\Welfare\2- Research Projects\OFHE2.OriginsE2\DataOutput\HA\AllPictures_27-07-2021\148.jpg;148;HA5;190;2,8;0;64orange8sps;;
G:\VPHI\Welfare\2- Research Projects\OFHE2.OriginsE2\DataOutput\HA\HA5\KBF-26-07-2021\origins3\IHE_PDI\S00001\SER00001\I00001.JPG;G:\VPHI\Welfare\2- Research Projects\OFHE2.OriginsE2\DataOutput\HA\AllPictures_27-07-2021\149.jpg;149;HA5;19;2,3;0;45black12ss;;
G:\VPHI\Welfare\2- Research Projects\OFHE2.OriginsE2\DataOutput\HA\HA5\KBF-26-07-2021\origins1\IHE_PDI\S00001\SER00088\I00001.JPG;G:\VPHI\Welfare\2- Research Projects\OFHE2.OriginsE2\DataOutput\HA\AllPictures_27-07-2021\150.jpg;150;HA5;225;2;1;50grey5sg;;
G:\VPHI\Welfare\2- Research Projects\OFHE2.OriginsE2\DataOutput\HA\HA5\KBF-26-07-2021\origins3\IHE_PDI\S00001\SER00025\I00001.JPG;G:\VPHI\Welfare\2- Research Projects\OFHE2.OriginsE2\DataOutput\HA\AllPictures_27-07-2021\151.jpg;151;HA5;78;2,4;0;72orange4sg;;
G:\VPHI\Welfare\2- Research Projects\OFHE2.OriginsE2\DataOutput\HA\HA2\KBF-04-01-2021\Origins 04.01.2021\IHE_PDI\S00002\SER00035\I00001.JPG;G:\VPHI\Welfare\2- Research Projects\OFHE2.OriginsE2\DataOutput\HA\AllPictures_27-07-2021\152.jpg;152;HA2;12;1;0;30green5sb;;
G:\VPHI\Welfare\2- Research Projects\OFHE2.OriginsE2\DataOutput\HA\HA5\KBF-26-07-2021\origins1\IHE_PDI\S00001\SER00001\I00001.JPG;G:\VPHI\Welfare\2- Research Projects\OFHE2.OriginsE2\DataOutput\HA\AllPictures_27-07-2021\153.jpg;153;HA5;54;1,8;0;2green10;;
G:\VPHI\Welfare\2- Research Projects\OFHE2.OriginsE2\DataOutput\HA\HA2\KBF-04-01-2021\Origins 04.01.2021\IHE_PDI\S00002\SER00061\I00001.JPG;G:\VPHI\Welfare\2- Research Projects\OFHE2.OriginsE2\DataOutput\HA\AllPictures_27-07-2021\154.jpg;154;HA2;369;0,1;0;72orange4sg;;
G:\VPHI\Welfare\2- Research Projects\OFHE2.OriginsE2\DataOutput\HA\HA2\KBF-04-01-2021\Origins 04.01.2021\IHE_PDI\S00001\SER00039\I00001.JPG;G:\VPHI\Welfare\2- Research Projects\OFHE2.OriginsE2\DataOutput\HA\AllPictures_27-07-2021\155.jpg;155;HA2;76;2,2;0;7grey3pb;;
G:\VPHI\Welfare\2- Research Projects\OFHE2.OriginsE2\DataOutput\HA\HA5\KBF-26-07-2021\origins3\IHE_PDI\S00001\SER00002\I00001.JPG;G:\VPHI\Welfare\2- Research Projects\OFHE2.OriginsE2\DataOutput\HA\AllPictures_27-07-2021\156.jpg;156;HA5;289;2,5;0;61black12wp;;
G:\VPHI\Welfare\2- Research Projects\OFHE2.OriginsE2\DataOutput\HA\HA2\KBF-04-01-2021\Origins 04.01.2021\IHE_PDI\S00002\SER00017\I00001.JPG;G:\VPHI\Welfare\2- Research Projects\OFHE2.OriginsE2\DataOutput\HA\AllPictures_27-07-2021\157.jpg;157;HA2;169;0,5;0;22black10b;;
G:\VPHI\Welfare\2- Research Projects\OFHE2.OriginsE2\DataOutput\HA\HA5\KBF-26-07-2021\origins2\IHE_PDI\S00001\SER00075\I00001.JPG;G:\VPHI\Welfare\2- Research Projects\OFHE2.OriginsE2\DataOutput\HA\AllPictures_27-07-2021\158.jpg;158;HA5;341;2;0;56orange12sg;;
G:\VPHI\Welfare\2- Research Projects\OFHE2.OriginsE2\DataOutput\HA\HA2\KBF-04-01-2021\Origins 04.01.2021\IHE_PDI\S00001\SER00079\I00001.JPG;G:\VPHI\Welfare\2- Research Projects\OFHE2.OriginsE2\DataOutput\HA\AllPictures_27-07-2021\159.jpg;159;HA2;147;1;0;27green9ws;;
G:\VPHI\Welfare\2- Research Projects\OFHE2.OriginsE2\DataOutput\HA\HA2\KBF-04-01-2021\Origins 04.01.2021\IHE_PDI\S00002\SER00048\I00001.JPG;G:\VPHI\Welfare\2- Research Projects\OFHE2.OriginsE2\DataOutput\HA\AllPictures_27-07-2021\160.jpg;160;HA2;175;0,7;0;80grey11bs;;
G:\VPHI\Welfare\2- Research Projects\OFHE2.OriginsE2\DataOutput\HA\HA5\KBF-26-07-2021\origins1\IHE_PDI\S00001\SER00017\I00001.JPG;G:\VPHI\Welfare\2- Research Projects\OFHE2.OriginsE2\DataOutput\HA\AllPictures_27-07-2021\161.jpg;161;HA5;244;1,5;0;31black10sb;;
G:\VPHI\Welfare\2- Research Projects\OFHE2.OriginsE2\DataOutput\HA\HA5\KBF-26-07-2021\origins3\IHE_PDI\S00001\SER00017\I00001.JPG;G:\VPHI\Welfare\2- Research Projects\OFHE2.OriginsE2\DataOutput\HA\AllPictures_27-07-2021\162.jpg;162;HA5;134;1,7;0;59orange4pb;;
G:\VPHI\Welfare\2- Research Projects\OFHE2.OriginsE2\DataOutput\HA\HA5\KBF-26-07-2021\origins2\IHE_PDI\S00001\SER00084\I00001.JPG;G:\VPHI\Welfare\2- Research Projects\OFHE2.OriginsE2\DataOutput\HA\AllPictures_27-07-2021\163.jpg;163;HA5;177;2,1;1;29orange12pb;;
G:\VPHI\Welfare\2- Research Projects\OFHE2.OriginsE2\DataOutput\HA\HA2\KBF-04-01-2021\Origins 04.01.2021\IHE_PDI\S00001\SER00003\I00001.JPG;G:\VPHI\Welfare\2- Research Projects\OFHE2.OriginsE2\DataOutput\HA\AllPictures_27-07-2021\164.jpg;164;HA2;356;1,7;1;21black12ps;;
G:\VPHI\Welfare\2- Research Projects\OFHE2.OriginsE2\DataOutput\HA\HA2\KBF-04-01-2021\Origins 04.01.2021\IHE_PDI\S00001\SER00044\I00001.JPG;G:\VPHI\Welfare\2- Research Projects\OFHE2.OriginsE2\DataOutput\HA\AllPictures_27-07-2021\165.jpg;165;HA2;132;0,1;0;26orange8pw;;
G:\VPHI\Welfare\2- Research Projects\OFHE2.OriginsE2\DataOutput\HA\HA5\KBF-26-07-2021\origins3\IHE_PDI\S00001\SER00010\I00001.JPG;G:\VPHI\Welfare\2- Research Projects\OFHE2.OriginsE2\DataOutput\HA\AllPictures_27-07-2021\166.jpg;166;HA5;161;1,9;0;35orange4wg;;
G:\VPHI\Welfare\2- Research Projects\OFHE2.OriginsE2\DataOutput\HA\HA5\KBF-26-07-2021\origins1\IHE_PDI\S00001\SER00025\I00001.JPG;G:\VPHI\Welfare\2- Research Projects\OFHE2.OriginsE2\DataOutput\HA\AllPictures_27-07-2021\167.jpg;167;HA5;56;0,3;0;39black10gs;;
G:\VPHI\Welfare\2- Research Projects\OFHE2.OriginsE2\DataOutput\HA\HA5\KBF-26-07-2021\origins1\IHE_PDI\S00001\SER00062\I00001.JPG;G:\VPHI\Welfare\2- Research Projects\OFHE2.OriginsE2\DataOutput\HA\AllPictures_27-07-2021\168.jpg;168;HA5;139;2,4;0;55green5;;
G:\VPHI\Welfare\2- Research Projects\OFHE2.OriginsE2\DataOutput\HA\HA2\KBF-04-01-2021\Origins 04.01.2021\IHE_PDI\S00001\SER00064\I00001.JPG;G:\VPHI\Welfare\2- Research Projects\OFHE2.OriginsE2\DataOutput\HA\AllPictures_27-07-2021\169.jpg;169;HA2;109;0,5;0;45grey9ps;;
G:\VPHI\Welfare\2- Research Projects\OFHE2.OriginsE2\DataOutput\HA\HA2\KBF-04-01-2021\Origins 04.01.2021\IHE_PDI\S00002\SER00053\I00001.JPG;G:\VPHI\Welfare\2- Research Projects\OFHE2.OriginsE2\DataOutput\HA\AllPictures_27-07-2021\170.jpg;170;HA2;129;0,7;0;52green11pb;;
G:\VPHI\Welfare\2- Research Projects\OFHE2.OriginsE2\DataOutput\HA\HA2\KBF-04-01-2021\Origins 04.01.2021\IHE_PDI\S00002\SER00005\I00001.JPG;G:\VPHI\Welfare\2- Research Projects\OFHE2.OriginsE2\DataOutput\HA\AllPictures_27-07-2021\171.jpg;171;HA2;114;0,8;1;36black10gp;;
G:\VPHI\Welfare\2- Research Projects\OFHE2.OriginsE2\DataOutput\HA\HA5\KBF-26-07-2021\origins2\IHE_PDI\S00001\SER00066\I00001.JPG;G:\VPHI\Welfare\2- Research Projects\OFHE2.OriginsE2\DataOutput\HA\AllPictures_27-07-2021\172.jpg;172;HA5;41;0,5;0;64orange9sg;;
G:\VPHI\Welfare\2- Research Projects\OFHE2.OriginsE2\DataOutput\HA\HA2\KBF-04-01-2021\Origins 04.01.2021\IHE_PDI\S00001\SER00040\I00001.JPG;G:\VPHI\Welfare\2- Research Projects\OFHE2.OriginsE2\DataOutput\HA\AllPictures_27-07-2021\173.jpg;173;HA2;9;2;0;51grey3sp;;
G:\VPHI\Welfare\2- Research Projects\OFHE2.OriginsE2\DataOutput\HA\HA5\KBF-26-07-2021\origins3\IHE_PDI\S00001\SER00021\I00001.JPG;G:\VPHI\Welfare\2- Research Projects\OFHE2.OriginsE2\DataOutput\HA\AllPictures_27-07-2021\174.jpg;174;HA5;37;2,5;0;15green4sps;;
G:\VPHI\Welfare\2- Research Projects\OFHE2.OriginsE2\DataOutput\HA\HA2\KBF-04-01-2021\Origins 04.01.2021\IHE_PDI\S00001\SER00014\I00001.JPG;G:\VPHI\Welfare\2- Research Projects\OFHE2.OriginsE2\DataOutput\HA\AllPictures_27-07-2021\175.jpg;175;HA2;101;0,9;0;75black12swp;;
G:\VPHI\Welfare\2- Research Projects\OFHE2.OriginsE2\DataOutput\HA\HA2\KBF-04-01-2021\Origins 04.01.2021\IHE_PDI\S00001\SER00052\I00001.JPG;G:\VPHI\Welfare\2- Research Projects\OFHE2.OriginsE2\DataOutput\HA\AllPictures_27-07-2021\176.jpg;176;HA2;223;0,5;0;73black8gwb;;
G:\VPHI\Welfare\2- Research Projects\OFHE2.OriginsE2\DataOutput\HA\HA5\KBF-26-07-2021\origins1\IHE_PDI\S00001\SER00009\I00001.JPG;G:\VPHI\Welfare\2- Research Projects\OFHE2.OriginsE2\DataOutput\HA\AllPictures_27-07-2021\177.jpg;177;HA5;57;1,1;0;74black10bb;;
G:\VPHI\Welfare\2- Research Projects\OFHE2.OriginsE2\DataOutput\HA\HA5\KBF-26-07-2021\origins2\IHE_PDI\S00001\SER00026\I00001.JPG;G:\VPHI\Welfare\2- Research Projects\OFHE2.OriginsE2\DataOutput\HA\AllPictures_27-07-2021\178.jpg;178;HA5;5;2;0;26grey11sbs;;
G:\VPHI\Welfare\2- Research Projects\OFHE2.OriginsE2\DataOutput\HA\HA5\KBF-26-07-2021\origins2\IHE_PDI\S00001\SER00015\I00001.JPG;G:\VPHI\Welfare\2- Research Projects\OFHE2.OriginsE2\DataOutput\HA\AllPictures_27-07-2021\179.jpg;179;HA5;340;0,7;0;74black9;;
G:\VPHI\Welfare\2- Research Projects\OFHE2.OriginsE2\DataOutput\HA\HA2\KBF-04-01-2021\Origins 04.01.2021\IHE_PDI\S00002\SER00063\I00001.JPG;G:\VPHI\Welfare\2- Research Projects\OFHE2.OriginsE2\DataOutput\HA\AllPictures_27-07-2021\180.jpg;180;HA2;314;0,3;0;50orange4sps;;
G:\VPHI\Welfare\2- Research Projects\OFHE2.OriginsE2\DataOutput\HA\HA5\KBF-26-07-2021\origins3\IHE_PDI\S00001\SER00008\I00001.JPG;G:\VPHI\Welfare\2- Research Projects\OFHE2.OriginsE2\DataOutput\HA\AllPictures_27-07-2021\181.jpg;181;HA5;53;2,2;0;21black12ps;;
G:\VPHI\Welfare\2- Research Projects\OFHE2.OriginsE2\DataOutput\HA\HA2\KBF-04-01-2021\Origins 04.01.2021\IHE_PDI\S00002\SER00009\I00001.JPG;G:\VPHI\Welfare\2- Research Projects\OFHE2.OriginsE2\DataOutput\HA\AllPictures_27-07-2021\182.jpg;182;HA2;368;1,1;0;27orange10wg;;
G:\VPHI\Welfare\2- Research Projects\OFHE2.OriginsE2\DataOutput\HA\HA5\KBF-26-07-2021\origins1\IHE_PDI\S00001\SER00038\I00001.JPG;G:\VPHI\Welfare\2- Research Projects\OFHE2.OriginsE2\DataOutput\HA\AllPictures_27-07-2021\183.jpg;183;HA5;64;1,5;0;73black8gwb;;
G:\VPHI\Welfare\2- Research Projects\OFHE2.OriginsE2\DataOutput\HA\HA5\KBF-26-07-2021\origins2\IHE_PDI\S00001\SER00085\I00001.JPG;G:\VPHI\Welfare\2- Research Projects\OFHE2.OriginsE2\DataOutput\HA\AllPictures_27-07-2021\184.jpg;184;HA5;27;3,5;1;59orange12sw;;
G:\VPHI\Welfare\2- Research Projects\OFHE2.OriginsE2\DataOutput\HA\HA5\KBF-26-07-2021\origins1\IHE_PDI\S00001\SER00061\I00001.JPG;G:\VPHI\Welfare\2- Research Projects\OFHE2.OriginsE2\DataOutput\HA\AllPictures_27-07-2021\185.jpg;185;HA5;267;2,6;0;58green5;;
G:\VPHI\Welfare\2- Research Projects\OFHE2.OriginsE2\DataOutput\HA\HA5\KBF-26-07-2021\origins1\IHE_PDI\S00001\SER00016\I00001.JPG;G:\VPHI\Welfare\2- Research Projects\OFHE2.OriginsE2\DataOutput\HA\AllPictures_27-07-2021\186.jpg;186;HA5;360;1,7;0;22black10pb;;
G:\VPHI\Welfare\2- Research Projects\OFHE2.OriginsE2\DataOutput\HA\HA5\KBF-26-07-2021\origins1\IHE_PDI\S00001\SER00039\I00001.JPG;G:\VPHI\Welfare\2- Research Projects\OFHE2.OriginsE2\DataOutput\HA\AllPictures_27-07-2021\187.jpg;187;HA5;361;2;1;26orange8pw;;
G:\VPHI\Welfare\2- Research Projects\OFHE2.OriginsE2\DataOutput\HA\HA2\KBF-04-01-2021\Origins 04.01.2021\IHE_PDI\S00002\SER00070\I00001.JPG;G:\VPHI\Welfare\2- Research Projects\OFHE2.OriginsE2\DataOutput\HA\AllPictures_27-07-2021\188.jpg;188;HA2;324;0;0;63black4gg;;
G:\VPHI\Welfare\2- Research Projects\OFHE2.OriginsE2\DataOutput\HA\HA2\KBF-04-01-2021\Origins 04.01.2021\IHE_PDI\S00001\SER00010\I00001.JPG;G:\VPHI\Welfare\2- Research Projects\OFHE2.OriginsE2\DataOutput\HA\AllPictures_27-07-2021\189.jpg;189;HA2;98;0;0;53black12sg;;
G:\VPHI\Welfare\2- Research Projects\OFHE2.OriginsE2\DataOutput\HA\HA2\KBF-04-01-2021\Origins 04.01.2021\IHE_PDI\S00002\SER00037\I00001.JPG;G:\VPHI\Welfare\2- Research Projects\OFHE2.OriginsE2\DataOutput\HA\AllPictures_27-07-2021\190.jpg;190;HA2;79;1,9;0;42green5ws;;
G:\VPHI\Welfare\2- Research Projects\OFHE2.OriginsE2\DataOutput\HA\HA5\KBF-26-07-2021\origins3\IHE_PDI\S00001\SER00009\I00001.JPG;G:\VPHI\Welfare\2- Research Projects\OFHE2.OriginsE2\DataOutput\HA\AllPictures_27-07-2021\191.jpg;191;HA5;312;1,4;0;75black12swp;;
G:\VPHI\Welfare\2- Research Projects\OFHE2.OriginsE2\DataOutput\HA\HA5\KBF-26-07-2021\origins2\IHE_PDI\S00001\SER00004\I00001.JPG;G:\VPHI\Welfare\2- Research Projects\OFHE2.OriginsE2\DataOutput\HA\AllPictures_27-07-2021\192.jpg;192;HA5;29;1,4;1;30green5sb;;
G:\VPHI\Welfare\2- Research Projects\OFHE2.OriginsE2\DataOutput\HA\HA5\KBF-26-07-2021\origins2\IHE_PDI\S00001\SER00036\I00001.JPG;G:\VPHI\Welfare\2- Research Projects\OFHE2.OriginsE2\DataOutput\HA\AllPictures_27-07-2021\193.jpg;193;HA5;121;2,4;0;28green11ss;;
G:\VPHI\Welfare\2- Research Projects\OFHE2.OriginsE2\DataOutput\HA\HA5\KBF-26-07-2021\origins3\IHE_PDI\S00001\SER00016\I00001.JPG;G:\VPHI\Welfare\2- Research Projects\OFHE2.OriginsE2\DataOutput\HA\AllPictures_27-07-2021\194.jpg;194;HA5;127;1,7;0;46orange4gwb;;
G:\VPHI\Welfare\2- Research Projects\OFHE2.OriginsE2\DataOutput\HA\HA2\KBF-04-01-2021\Origins 04.01.2021\IHE_PDI\S00002\SER00007\I00001.JPG;G:\VPHI\Welfare\2- Research Projects\OFHE2.OriginsE2\DataOutput\HA\AllPictures_27-07-2021\195.jpg;195;HA2;82;0,1;0;31black10sb;;
G:\VPHI\Welfare\2- Research Projects\OFHE2.OriginsE2\DataOutput\HA\HA2\KBF-04-01-2021\Origins 04.01.2021\IHE_PDI\S00001\SER00077\I00001.JPG;G:\VPHI\Welfare\2- Research Projects\OFHE2.OriginsE2\DataOutput\HA\AllPictures_27-07-2021\196.jpg;196;HA2;179;1,2;0;53grey9pp;;
G:\VPHI\Welfare\2- Research Projects\OFHE2.OriginsE2\DataOutput\HA\HA5\KBF-26-07-2021\origins1\IHE_PDI\S00001\SER00002\I00001.JPG;G:\VPHI\Welfare\2- Research Projects\OFHE2.OriginsE2\DataOutput\HA\AllPictures_27-07-2021\197.jpg;197;HA5;281;1,3;0;14green10;;
G:\VPHI\Welfare\2- Research Projects\OFHE2.OriginsE2\DataOutput\HA\HA5\KBF-26-07-2021\origins1\IHE_PDI\S00001\SER00070\I00001.JPG;G:\VPHI\Welfare\2- Research Projects\OFHE2.OriginsE2\DataOutput\HA\AllPictures_27-07-2021\198.jpg;198;HA5;75;1,2;0;14green3sp;;
G:\VPHI\Welfare\2- Research Projects\OFHE2.OriginsE2\DataOutput\HA\HA5\KBF-26-07-2021\origins1\IHE_PDI\S00001\SER00079\I00001.JPG;G:\VPHI\Welfare\2- Research Projects\OFHE2.OriginsE2\DataOutput\HA\AllPictures_27-07-2021\199.jpg;199;HA5;318;2,8;0;7grey3pb;;
G:\VPHI\Welfare\2- Research Projects\OFHE2.OriginsE2\DataOutput\HA\HA2\KBF-04-01-2021\Origins 04.01.2021\IHE_PDI\S00001\SER00017\I00001.JPG;G:\VPHI\Welfare\2- Research Projects\OFHE2.OriginsE2\DataOutput\HA\AllPictures_27-07-2021\200.jpg;200;HA2;165;1,4;0;27black12sbs;;
G:\VPHI\Welfare\2- Research Projects\OFHE2.OriginsE2\DataOutput\HA\HA5\KBF-26-07-2021\origins2\IHE_PDI\S00001\SER00023\I00001.JPG;G:\VPHI\Welfare\2- Research Projects\OFHE2.OriginsE2\DataOutput\HA\AllPictures_27-07-2021\201.jpg;201;HA5;69;1,3;0;19green9pw;;
G:\VPHI\Welfare\2- Research Projects\OFHE2.OriginsE2\DataOutput\HA\HA5\KBF-26-07-2021\origins1\IHE_PDI\S00001\SER00084\I00001.JPG;G:\VPHI\Welfare\2- Research Projects\OFHE2.OriginsE2\DataOutput\HA\AllPictures_27-07-2021\202.jpg;202;HA5;168;2,5;1;55orange3;;
G:\VPHI\Welfare\2- Research Projects\OFHE2.OriginsE2\DataOutput\HA\HA5\KBF-26-07-2021\origins3\IHE_PDI\S00001\SER00005\I00001.JPG;G:\VPHI\Welfare\2- Research Projects\OFHE2.OriginsE2\DataOutput\HA\AllPictures_27-07-2021\203.jpg;203;HA5;43;0,8;0;39orange12bb;;
G:\VPHI\Welfare\2- Research Projects\OFHE2.OriginsE2\DataOutput\HA\HA2\KBF-04-01-2021\Origins 04.01.2021\IHE_PDI\S00002\SER00026\I00001.JPG;G:\VPHI\Welfare\2- Research Projects\OFHE2.OriginsE2\DataOutput\HA\AllPictures_27-07-2021\204.jpg;204;HA2;135;0,2;0;72green5sbs;;
G:\VPHI\Welfare\2- Research Projects\OFHE2.OriginsE2\DataOutput\HA\HA2\KBF-04-01-2021\Origins 04.01.2021\IHE_PDI\S00002\SER00057\I00001.JPG;G:\VPHI\Welfare\2- Research Projects\OFHE2.OriginsE2\DataOutput\HA\AllPictures_27-07-2021\205.jpg;205;HA2;229;0,8;0;75green11sg;;
G:\VPHI\Welfare\2- Research Projects\OFHE2.OriginsE2\DataOutput\HA\HA5\KBF-26-07-2021\origins1\IHE_PDI\S00001\SER00054\I00001.JPG;G:\VPHI\Welfare\2- Research Projects\OFHE2.OriginsE2\DataOutput\HA\AllPictures_27-07-2021\206.jpg;206;HA5;40;2,8;0;56orange8ws;;
G:\VPHI\Welfare\2- Research Projects\OFHE2.OriginsE2\DataOutput\HA\HA5\KBF-26-07-2021\origins1\IHE_PDI\S00001\SER00010\I00001.JPG;G:\VPHI\Welfare\2- Research Projects\OFHE2.OriginsE2\DataOutput\HA\AllPictures_27-07-2021\207.jpg;207;HA5;42;3,4;1;41black10bs;;
G:\VPHI\Welfare\2- Research Projects\OFHE2.OriginsE2\DataOutput\HA\HA5\KBF-26-07-2021\origins3\IHE_PDI\S00001\SER00022\I00001.JPG;G:\VPHI\Welfare\2- Research Projects\OFHE2.OriginsE2\DataOutput\HA\AllPictures_27-07-2021\208.jpg;208;HA5;307;2,6;0;23green4gp;;
G:\VPHI\Welfare\2- Research Projects\OFHE2.OriginsE2\DataOutput\HA\HA5\KBF-26-07-2021\origins2\IHE_PDI\S00001\SER00080\I00001.JPG;G:\VPHI\Welfare\2- Research Projects\OFHE2.OriginsE2\DataOutput\HA\AllPictures_27-07-2021\209.jpg;209;HA5;74;2,2;0;64black12gp;;
G:\VPHI\Welfare\2- Research Projects\OFHE2.OriginsE2\DataOutput\HA\HA5\KBF-26-07-2021\origins1\IHE_PDI\S00001\SER00023\I00001.JPG;G:\VPHI\Welfare\2- Research Projects\OFHE2.OriginsE2\DataOutput\HA\AllPictures_27-07-2021\210.jpg;210;HA5;254;2,2;0;28black10gg;;
G:\VPHI\Welfare\2- Research Projects\OFHE2.OriginsE2\DataOutput\HA\HA2\KBF-04-01-2021\Origins 04.01.2021\IHE_PDI\S00001\SER00053\I00001.JPG;G:\VPHI\Welfare\2- Research Projects\OFHE2.OriginsE2\DataOutput\HA\AllPictures_27-07-2021\211.jpg;211;HA2;47;0,1;0;45orange8sg;;
G:\VPHI\Welfare\2- Research Projects\OFHE2.OriginsE2\DataOutput\HA\HA5\KBF-26-07-2021\origins2\IHE_PDI\S00001\SER00057\I00001.JPG;G:\VPHI\Welfare\2- Research Projects\OFHE2.OriginsE2\DataOutput\HA\AllPictures_27-07-2021\212.jpg;212;HA5;290;2;0;54green9ss;;
G:\VPHI\Welfare\2- Research Projects\OFHE2.OriginsE2\DataOutput\HA\HA5\KBF-26-07-2021\origins1\IHE_PDI\S00001\SER00068\I00001.JPG;G:\VPHI\Welfare\2- Research Projects\OFHE2.OriginsE2\DataOutput\HA\AllPictures_27-07-2021\213.jpg;213;HA5;232;1,4;1;7green3wp;;
G:\VPHI\Welfare\2- Research Projects\OFHE2.OriginsE2\DataOutput\HA\HA5\KBF-26-07-2021\origins3\IHE_PDI\S00001\SER00018\I00001.JPG;G:\VPHI\Welfare\2- Research Projects\OFHE2.OriginsE2\DataOutput\HA\AllPictures_27-07-2021\214.jpg;214;HA5;275;1,6;0;65orange4gs;;
G:\VPHI\Welfare\2- Research Projects\OFHE2.OriginsE2\DataOutput\HA\HA5\KBF-26-07-2021\origins2\IHE_PDI\S00001\SER00070\I00001.JPG;G:\VPHI\Welfare\2- Research Projects\OFHE2.OriginsE2\DataOutput\HA\AllPictures_27-07-2021\215.jpg;215;HA5;371;2,5;1;56green12;;
G:\VPHI\Welfare\2- Research Projects\OFHE2.OriginsE2\DataOutput\HA\HA2\KBF-04-01-2021\Origins 04.01.2021\IHE_PDI\S00001\SER00049\I00001.JPG;G:\VPHI\Welfare\2- Research Projects\OFHE2.OriginsE2\DataOutput\HA\AllPictures_27-07-2021\216.jpg;216;HA2;63;2,3;1;33orange8pb;;
G:\VPHI\Welfare\2- Research Projects\OFHE2.OriginsE2\DataOutput\HA\HA2\KBF-04-01-2021\Origins 04.01.2021\IHE_PDI\S00001\SER00005\I00001.JPG;G:\VPHI\Welfare\2- Research Projects\OFHE2.OriginsE2\DataOutput\HA\AllPictures_27-07-2021\217.jpg;217;HA2;71;0;0;51orange12wg;;
G:\VPHI\Welfare\2- Research Projects\OFHE2.OriginsE2\DataOutput\HA\HA5\KBF-26-07-2021\origins1\IHE_PDI\S00001\SER00065\I00001.JPG;G:\VPHI\Welfare\2- Research Projects\OFHE2.OriginsE2\DataOutput\HA\AllPictures_27-07-2021\218.jpg;218;HA5;219;0,5;0;32grey3pw;;
G:\VPHI\Welfare\2- Research Projects\OFHE2.OriginsE2\DataOutput\HA\HA2\KBF-04-01-2021\Origins 04.01.2021\IHE_PDI\S00001\SER00009\I00001.JPG;G:\VPHI\Welfare\2- Research Projects\OFHE2.OriginsE2\DataOutput\HA\AllPictures_27-07-2021\219.jpg;219;HA2;193;1,4;0;45black12ss;;
G:\VPHI\Welfare\2- Research Projects\OFHE2.OriginsE2\DataOutput\HA\HA2\KBF-04-01-2021\Origins 04.01.2021\IHE_PDI\S00001\SER00029\I00001.JPG;G:\VPHI\Welfare\2- Research Projects\OFHE2.OriginsE2\DataOutput\HA\AllPictures_27-07-2021\220.jpg;220;HA2;3;2,5;1;23grey3wg;;
G:\VPHI\Welfare\2- Research Projects\OFHE2.OriginsE2\DataOutput\HA\HA5\KBF-26-07-2021\origins1\IHE_PDI\S00001\SER00050\I00001.JPG;G:\VPHI\Welfare\2- Research Projects\OFHE2.OriginsE2\DataOutput\HA\AllPictures_27-07-2021\221.jpg;221;HA5;115;2,5;0;71black8ps;;
G:\VPHI\Welfare\2- Research Projects\OFHE2.OriginsE2\DataOutput\HA\HA5\KBF-26-07-2021\origins2\IHE_PDI\S00001\SER00031\I00001.JPG;G:\VPHI\Welfare\2- Research Projects\OFHE2.OriginsE2\DataOutput\HA\AllPictures_27-07-2021\222.jpg;222;HA5;342;2;0;71green11sw;;
G:\VPHI\Welfare\2- Research Projects\OFHE2.OriginsE2\DataOutput\HA\HA2\KBF-04-01-2021\Origins 04.01.2021\IHE_PDI\S00001\SER00023\I00001.JPG;G:\VPHI\Welfare\2- Research Projects\OFHE2.OriginsE2\DataOutput\HA\AllPictures_27-07-2021\223.jpg;223;HA2;222;0,1;0;53green3ps;;
G:\VPHI\Welfare\2- Research Projects\OFHE2.OriginsE2\DataOutput\HA\HA2\KBF-04-01-2021\Origins 04.01.2021\IHE_PDI\S00002\SER00018\I00001.JPG;G:\VPHI\Welfare\2- Research Projects\OFHE2.OriginsE2\DataOutput\HA\AllPictures_27-07-2021\224.jpg;224;HA2;21;0,8;0;54orange10sps;;
G:\VPHI\Welfare\2- Research Projects\OFHE2.OriginsE2\DataOutput\HA\HA2\KBF-04-01-2021\Origins 04.01.2021\IHE_PDI\S00001\SER00030\I00001.JPG;G:\VPHI\Welfare\2- Research Projects\OFHE2.OriginsE2\DataOutput\HA\AllPictures_27-07-2021\225.jpg;225;HA2;18;0,3;0;6green3bb;;
G:\VPHI\Welfare\2- Research Projects\OFHE2.OriginsE2\DataOutput\HA\HA5\KBF-26-07-2021\origins2\IHE_PDI\S00001\SER00038\I00001.JPG;G:\VPHI\Welfare\2- Research Projects\OFHE2.OriginsE2\DataOutput\HA\AllPictures_27-07-2021\226.jpg;226;HA5;172;2,4;0;17grey11sp;;
G:\VPHI\Welfare\2- Research Projects\OFHE2.OriginsE2\DataOutput\HA\HA5\KBF-26-07-2021\origins1\IHE_PDI\S00001\SER00049\I00001.JPG;G:\VPHI\Welfare\2- Research Projects\OFHE2.OriginsE2\DataOutput\HA\AllPictures_27-07-2021\227.jpg;227;HA5;215;1,5;0;17green8pb;;
G:\VPHI\Welfare\2- Research Projects\OFHE2.OriginsE2\DataOutput\HA\HA5\KBF-26-07-2021\origins3\IHE_PDI\S00001\SER00020\I00001.JPG;G:\VPHI\Welfare\2- Research Projects\OFHE2.OriginsE2\DataOutput\HA\AllPictures_27-07-2021\228.jpg;228;HA5;8;1,5;0;72black4ss;;
G:\VPHI\Welfare\2- Research Projects\OFHE2.OriginsE2\DataOutput\HA\HA5\KBF-26-07-2021\origins3\IHE_PDI\S00001\SER00011\I00001.JPG;G:\VPHI\Welfare\2- Research Projects\OFHE2.OriginsE2\DataOutput\HA\AllPictures_27-07-2021\229.jpg;229;HA5;65;1,4;1;4green4sp;;
G:\VPHI\Welfare\2- Research Projects\OFHE2.OriginsE2\DataOutput\HA\HA5\KBF-26-07-2021\origins1\IHE_PDI\S00001\SER00075\I00001.JPG;G:\VPHI\Welfare\2- Research Projects\OFHE2.OriginsE2\DataOutput\HA\AllPictures_27-07-2021\230.jpg;230;HA5;209;0,8;0;37green3pp;;
G:\VPHI\Welfare\2- Research Projects\OFHE2.OriginsE2\DataOutput\HA\HA5\KBF-26-07-2021\origins2\IHE_PDI\S00001\SER00073\I00001.JPG;G:\VPHI\Welfare\2- Research Projects\OFHE2.OriginsE2\DataOutput\HA\AllPictures_27-07-2021\231.jpg;231;HA5;217;3;1;67green12;;
G:\VPHI\Welfare\2- Research Projects\OFHE2.OriginsE2\DataOutput\HA\HA2\KBF-04-01-2021\Origins 04.01.2021\IHE_PDI\S00001\SER00006\I00001.JPG;G:\VPHI\Welfare\2- Research Projects\OFHE2.OriginsE2\DataOutput\HA\AllPictures_27-07-2021\232.jpg;232;HA2;234;0,5;0;58black12pp;;
G:\VPHI\Welfare\2- Research Projects\OFHE2.OriginsE2\DataOutput\HA\HA2\KBF-04-01-2021\Origins 04.01.2021\IHE_PDI\S00001\SER00018\I00001.JPG;G:\VPHI\Welfare\2- Research Projects\OFHE2.OriginsE2\DataOutput\HA\AllPictures_27-07-2021\233.jpg;233;HA2;141;0,5;0;64black12gp;;
G:\VPHI\Welfare\2- Research Projects\OFHE2.OriginsE2\DataOutput\HA\HA5\KBF-26-07-2021\origins1\IHE_PDI\S00001\SER00011\I00001.JPG;G:\VPHI\Welfare\2- Research Projects\OFHE2.OriginsE2\DataOutput\HA\AllPictures_27-07-2021\234.jpg;234;HA5;204;0,5;0;55orange10ss;;
G:\VPHI\Welfare\2- Research Projects\OFHE2.OriginsE2\DataOutput\HA\HA5\KBF-26-07-2021\origins2\IHE_PDI\S00001\SER00047\I00001.JPG;G:\VPHI\Welfare\2- Research Projects\OFHE2.OriginsE2\DataOutput\HA\AllPictures_27-07-2021\235.jpg;235;HA5;23;2,7;0;57grey4;;
G:\VPHI\Welfare\2- Research Projects\OFHE2.OriginsE2\DataOutput\HA\HA2\KBF-04-01-2021\Origins 04.01.2021\IHE_PDI\S00002\SER00054\I00001.JPG;G:\VPHI\Welfare\2- Research Projects\OFHE2.OriginsE2\DataOutput\HA\AllPictures_27-07-2021\236.jpg;236;HA2;220;1,8;1;66green11wg;;
G:\VPHI\Welfare\2- Research Projects\OFHE2.OriginsE2\DataOutput\HA\HA5\KBF-26-07-2021\origins1\IHE_PDI\S00001\SER00069\I00001.JPG;G:\VPHI\Welfare\2- Research Projects\OFHE2.OriginsE2\DataOutput\HA\AllPictures_27-07-2021\237.jpg;237;HA5;46;2,4;0;11grey3sps;;
G:\VPHI\Welfare\2- Research Projects\OFHE2.OriginsE2\DataOutput\HA\HA5\KBF-26-07-2021\origins2\IHE_PDI\S00001\SER00034\I00001.JPG;G:\VPHI\Welfare\2- Research Projects\OFHE2.OriginsE2\DataOutput\HA\AllPictures_27-07-2021\238.jpg;238;HA5;149;3,5;0;62green11gp;;
G:\VPHI\Welfare\2- Research Projects\OFHE2.OriginsE2\DataOutput\HA\HA2\KBF-04-01-2021\Origins 04.01.2021\IHE_PDI\S00002\SER00064\I00001.JPG;G:\VPHI\Welfare\2- Research Projects\OFHE2.OriginsE2\DataOutput\HA\AllPictures_27-07-2021\239.jpg;239;HA2;140;0,7;0;57orange4pw;;
G:\VPHI\Welfare\2- Research Projects\OFHE2.OriginsE2\DataOutput\HA\HA5\KBF-26-07-2021\origins1\IHE_PDI\S00001\SER00046\I00001.JPG;G:\VPHI\Welfare\2- Research Projects\OFHE2.OriginsE2\DataOutput\HA\AllPictures_27-07-2021\240.jpg;240;HA5;45;0,5;0;40orange8sw;;
G:\VPHI\Welfare\2- Research Projects\OFHE2.OriginsE2\DataOutput\HA\HA2\KBF-04-01-2021\Origins 04.01.2021\IHE_PDI\S00001\SER00011\I00001.JPG;G:\VPHI\Welfare\2- Research Projects\OFHE2.OriginsE2\DataOutput\HA\AllPictures_27-07-2021\241.jpg;241;HA2;348;0;0;29orangne12pb;;
G:\VPHI\Welfare\2- Research Projects\OFHE2.OriginsE2\DataOutput\HA\HA2\KBF-04-01-2021\Origins 04.01.2021\IHE_PDI\S00001\SER00056\I00001.JPG;G:\VPHI\Welfare\2- Research Projects\OFHE2.OriginsE2\DataOutput\HA\AllPictures_27-07-2021\242.jpg;242;HA2;58;0,8;0;40orange8sw;;
G:\VPHI\Welfare\2- Research Projects\OFHE2.OriginsE2\DataOutput\HA\HA5\KBF-26-07-2021\origins1\IHE_PDI\S00001\SER00015\I00001.JPG;G:\VPHI\Welfare\2- Research Projects\OFHE2.OriginsE2\DataOutput\HA\AllPictures_27-07-2021\243.jpg;243;HA5;205;1,5;0;31orange10sbs;;
G:\VPHI\Welfare\2- Research Projects\OFHE2.OriginsE2\DataOutput\HA\HA5\KBF-26-07-2021\origins1\IHE_PDI\S00001\SER00055\I00001.JPG;G:\VPHI\Welfare\2- Research Projects\OFHE2.OriginsE2\DataOutput\HA\AllPictures_27-07-2021\244.jpg;244;HA5;7;2,4;0;18green3gp;;
G:\VPHI\Welfare\2- Research Projects\OFHE2.OriginsE2\DataOutput\HA\HA5\KBF-26-07-2021\origins3\IHE_PDI\S00001\SER00003\I00001.JPG;G:\VPHI\Welfare\2- Research Projects\OFHE2.OriginsE2\DataOutput\HA\AllPictures_27-07-2021\245.jpg;245;HA5;153;1,5;0;23black12bs;;
G:\VPHI\Welfare\2- Research Projects\OFHE2.OriginsE2\DataOutput\HA\HA5\KBF-26-07-2021\origins2\IHE_PDI\S00001\SER00019\I00001.JPG;G:\VPHI\Welfare\2- Research Projects\OFHE2.OriginsE2\DataOutput\HA\AllPictures_27-07-2021\246.jpg;246;HA5;351;2,4;0;70black11;;
G:\VPHI\Welfare\2- Research Projects\OFHE2.OriginsE2\DataOutput\HA\HA2\KBF-04-01-2021\Origins 04.01.2021\IHE_PDI\S00001\SER00025\I00001.JPG;G:\VPHI\Welfare\2- Research Projects\OFHE2.OriginsE2\DataOutput\HA\AllPictures_27-07-2021\247.jpg;247;HA2;84;1,1;0;18green3gp;;
G:\VPHI\Welfare\2- Research Projects\OFHE2.OriginsE2\DataOutput\HA\HA2\KBF-04-01-2021\Origins 04.01.2021\IHE_PDI\S00001\SER00015\I00001.JPG;G:\VPHI\Welfare\2- Research Projects\OFHE2.OriginsE2\DataOutput\HA\AllPictures_27-07-2021\248.jpg;248;HA2;156;0;0;23black12bs;;
G:\VPHI\Welfare\2- Research Projects\OFHE2.OriginsE2\DataOutput\HA\HA5\KBF-26-07-2021\origins1\IHE_PDI\S00001\SER00045\I00001.JPG;G:\VPHI\Welfare\2- Research Projects\OFHE2.OriginsE2\DataOutput\HA\AllPictures_27-07-2021\249.jpg;249;HA5;285;2,3;0;43black8bb;;
G:\VPHI\Welfare\2- Research Projects\OFHE2.OriginsE2\DataOutput\HA\HA2\KBF-04-01-2021\Origins 04.01.2021\IHE_PDI\S00002\SER00027\I00001.JPG;G:\VPHI\Welfare\2- Research Projects\OFHE2.OriginsE2\DataOutput\HA\AllPictures_27-07-2021\250.jpg;250;HA2;159;0,6;0;62green5wp;;
G:\VPHI\Welfare\2- Research Projects\OFHE2.OriginsE2\DataOutput\HA\HA2\KBF-04-01-2021\Origins 04.01.2021\IHE_PDI\S00002\SER00003\I00001.JPG;G:\VPHI\Welfare\2- Research Projects\OFHE2.OriginsE2\DataOutput\HA\AllPictures_27-07-2021\251.jpg;251;HA2;138;0,2;0;38orange10sg;;
G:\VPHI\Welfare\2- Research Projects\OFHE2.OriginsE2\DataOutput\HA\HA2\KBF-04-01-2021\Origins 04.01.2021\IHE_PDI\S00001\SER00043\I00001.JPG;G:\VPHI\Welfare\2- Research Projects\OFHE2.OriginsE2\DataOutput\HA\AllPictures_27-07-2021\252.jpg;252;HA2;271;2,5;1;42black8sb;;
G:\VPHI\Welfare\2- Research Projects\OFHE2.OriginsE2\DataOutput\HA\HA5\KBF-26-07-2021\origins1\IHE_PDI\S00001\SER00040\I00001.JPG;G:\VPHI\Welfare\2- Research Projects\OFHE2.OriginsE2\DataOutput\HA\AllPictures_27-07-2021\253.jpg;253;HA5;0;0,8;0;38orange8wg;;
G:\VPHI\Welfare\2- Research Projects\OFHE2.OriginsE2\DataOutput\HA\HA5\KBF-26-07-2021\origins2\IHE_PDI\S00001\SER00029\I00001.JPG;G:\VPHI\Welfare\2- Research Projects\OFHE2.OriginsE2\DataOutput\HA\AllPictures_27-07-2021\254.jpg;254;HA5;350;3,3;1;9grey11gwb;;
G:\VPHI\Welfare\2- Research Projects\OFHE2.OriginsE2\DataOutput\HA\HA2\KBF-04-01-2021\Origins 04.01.2021\IHE_PDI\S00002\SER00030\I00001.JPG;G:\VPHI\Welfare\2- Research Projects\OFHE2.OriginsE2\DataOutput\HA\AllPictures_27-07-2021\255.jpg;255;HA2;303;2,4;1;49green5sp;;
G:\VPHI\Welfare\2- Research Projects\OFHE2.OriginsE2\DataOutput\HA\HA5\KBF-26-07-2021\origins2\IHE_PDI\S00001\SER00005\I00001.JPG;G:\VPHI\Welfare\2- Research Projects\OFHE2.OriginsE2\DataOutput\HA\AllPictures_27-07-2021\256.jpg;256;HA5;182;2,9;0;20grey5gs;;
G:\VPHI\Welfare\2- Research Projects\OFHE2.OriginsE2\DataOutput\HA\HA2\KBF-04-01-2021\Origins 04.01.2021\IHE_PDI\S00002\SER00056\I00001.JPG;G:\VPHI\Welfare\2- Research Projects\OFHE2.OriginsE2\DataOutput\HA\AllPictures_27-07-2021\257.jpg;257;HA2;248;1,2;1;48green11sb;;
G:\VPHI\Welfare\2- Research Projects\OFHE2.OriginsE2\DataOutput\HA\HA2\KBF-04-01-2021\Origins 04.01.2021\IHE_PDI\S00001\SER00008\I00001.JPG;G:\VPHI\Welfare\2- Research Projects\OFHE2.OriginsE2\DataOutput\HA\AllPictures_27-07-2021\258.jpg;258;HA2;211;0,5;0;2orange12sps;;
G:\VPHI\Welfare\2- Research Projects\OFHE2.OriginsE2\DataOutput\HA\HA5\KBF-26-07-2021\origins2\IHE_PDI\S00001\SER00063\I00001.JPG;G:\VPHI\Welfare\2- Research Projects\OFHE2.OriginsE2\DataOutput\HA\AllPictures_27-07-2021\259.jpg;259;HA5;310;2,5;0;45grey9ps;;
G:\VPHI\Welfare\2- Research Projects\OFHE2.OriginsE2\DataOutput\HA\HA5\KBF-26-07-2021\origins2\IHE_PDI\S00001\SER00060\I00001.JPG;G:\VPHI\Welfare\2- Research Projects\OFHE2.OriginsE2\DataOutput\HA\AllPictures_27-07-2021\260.jpg;260;HA5;279;2,7;0;42grey9sb;;
G:\VPHI\Welfare\2- Research Projects\OFHE2.OriginsE2\DataOutput\HA\HA5\KBF-26-07-2021\origins1\IHE_PDI\S00001\SER00008\I00001.JPG;G:\VPHI\Welfare\2- Research Projects\OFHE2.OriginsE2\DataOutput\HA\AllPictures_27-07-2021\261.jpg;261;HA5;186;2,6;0;21green10;;
G:\VPHI\Welfare\2- Research Projects\OFHE2.OriginsE2\DataOutput\HA\HA5\KBF-26-07-2021\origins1\IHE_PDI\S00001\SER00086\I00001.JPG;G:\VPHI\Welfare\2- Research Projects\OFHE2.OriginsE2\DataOutput\HA\AllPictures_27-07-2021\262.jpg;262;HA5;246;2,3;0;2grey5pb;;
G:\VPHI\Welfare\2- Research Projects\OFHE2.OriginsE2\DataOutput\HA\HA2\KBF-04-01-2021\Origins 04.01.2021\IHE_PDI\S00001\SER00059\I00001.JPG;G:\VPHI\Welfare\2- Research Projects\OFHE2.OriginsE2\DataOutput\HA\AllPictures_27-07-2021\263.jpg;263;HA2;28;0;0;21orange8bs;;
G:\VPHI\Welfare\2- Research Projects\OFHE2.OriginsE2\DataOutput\HA\HA5\KBF-26-07-2021\origins2\IHE_PDI\S00001\SER00068\I00001.JPG;G:\VPHI\Welfare\2- Research Projects\OFHE2.OriginsE2\DataOutput\HA\AllPictures_27-07-2021\264.jpg;264;HA5;218;0,3;0;22green9wp;;
G:\VPHI\Welfare\2- Research Projects\OFHE2.OriginsE2\DataOutput\HA\HA2\KBF-04-01-2021\Origins 04.01.2021\IHE_PDI\S00001\SER00042\I00001.JPG;G:\VPHI\Welfare\2- Research Projects\OFHE2.OriginsE2\DataOutput\HA\AllPictures_27-07-2021\265.jpg;265;HA2;105;0;0;64orange8sps;;
G:\VPHI\Welfare\2- Research Projects\OFHE2.OriginsE2\DataOutput\HA\HA5\KBF-26-07-2021\origins1\IHE_PDI\S00001\SER00019\I00001.JPG;G:\VPHI\Welfare\2- Research Projects\OFHE2.OriginsE2\DataOutput\HA\AllPictures_27-07-2021\266.jpg;266;HA5;265;1,5;1;54orange10sps;;
G:\VPHI\Welfare\2- Research Projects\OFHE2.OriginsE2\DataOutput\HA\HA5\KBF-26-07-2021\origins2\IHE_PDI\S00001\SER00065\I00001.JPG;G:\VPHI\Welfare\2- Research Projects\OFHE2.OriginsE2\DataOutput\HA\AllPictures_27-07-2021\267.jpg;267;HA5;66;2;0;39green9sw;;
G:\VPHI\Welfare\2- Research Projects\OFHE2.OriginsE2\DataOutput\HA\HA5\KBF-26-07-2021\origins1\IHE_PDI\S00001\SER00067\I00001.JPG;G:\VPHI\Welfare\2- Research Projects\OFHE2.OriginsE2\DataOutput\HA\AllPictures_27-07-2021\268.jpg;268;HA5;262;0,7;0;53green3ps;;
G:\VPHI\Welfare\2- Research Projects\OFHE2.OriginsE2\DataOutput\HA\HA2\KBF-04-01-2021\Origins 04.01.2021\IHE_PDI\S00002\SER00058\I00001.JPG;G:\VPHI\Welfare\2- Research Projects\OFHE2.OriginsE2\DataOutput\HA\AllPictures_27-07-2021\269.jpg;269;HA2;196;0,3;0;51green11pw;;
G:\VPHI\Welfare\2- Research Projects\OFHE2.OriginsE2\DataOutput\HA\HA5\KBF-26-07-2021\origins1\IHE_PDI\S00001\SER00051\I00001.JPG;G:\VPHI\Welfare\2- Research Projects\OFHE2.OriginsE2\DataOutput\HA\AllPictures_27-07-2021\270.jpg;270;HA5;2;1;0;47black8gs;;
G:\VPHI\Welfare\2- Research Projects\OFHE2.OriginsE2\DataOutput\HA\HA2\KBF-04-01-2021\Origins 04.01.2021\IHE_PDI\S00002\SER00028\I00001.JPG;G:\VPHI\Welfare\2- Research Projects\OFHE2.OriginsE2\DataOutput\HA\AllPictures_27-07-2021\271.jpg;271;HA2;137;1,6;0;41grey5gwb;;
G:\VPHI\Welfare\2- Research Projects\OFHE2.OriginsE2\DataOutput\HA\HA2\KBF-04-01-2021\Origins 04.01.2021\IHE_PDI\S00002\SER00038\I00001.JPG;G:\VPHI\Welfare\2- Research Projects\OFHE2.OriginsE2\DataOutput\HA\AllPictures_27-07-2021\272.jpg;272;HA2;328;0;0;5green5pw;;
G:\VPHI\Welfare\2- Research Projects\OFHE2.OriginsE2\DataOutput\HA\HA5\KBF-26-07-2021\origins2\IHE_PDI\S00001\SER00009\I00001.JPG;G:\VPHI\Welfare\2- Research Projects\OFHE2.OriginsE2\DataOutput\HA\AllPictures_27-07-2021\273.jpg;273;HA5;180;3,5;0;42green5ws;;
G:\VPHI\Welfare\2- Research Projects\OFHE2.OriginsE2\DataOutput\HA\HA2\KBF-04-01-2021\Origins 04.01.2021\IHE_PDI\S00002\SER00059\I00001.JPG;G:\VPHI\Welfare\2- Research Projects\OFHE2.OriginsE2\DataOutput\HA\AllPictures_27-07-2021\274.jpg;274;HA2;331;1,3;0;43grey11ps;;
G:\VPHI\Welfare\2- Research Projects\OFHE2.OriginsE2\DataOutput\HA\HA5\KBF-26-07-2021\origins2\IHE_PDI\S00001\SER00010\I00001.JPG;G:\VPHI\Welfare\2- Research Projects\OFHE2.OriginsE2\DataOutput\HA\AllPictures_27-07-2021\275.jpg;275;HA5;263;0,2;0;6black9;;
G:\VPHI\Welfare\2- Research Projects\OFHE2.OriginsE2\DataOutput\HA\HA5\KBF-26-07-2021\origins1\IHE_PDI\S00001\SER00037\I00001.JPG;G:\VPHI\Welfare\2- Research Projects\OFHE2.OriginsE2\DataOutput\HA\AllPictures_27-07-2021\276.jpg;276;HA5;207;1,5;0;26black8gg;;
G:\VPHI\Welfare\2- Research Projects\OFHE2.OriginsE2\DataOutput\HA\HA5\KBF-26-07-2021\origins2\IHE_PDI\S00001\SER00041\I00001.JPG;G:\VPHI\Welfare\2- Research Projects\OFHE2.OriginsE2\DataOutput\HA\AllPictures_27-07-2021\277.jpg;277;HA5;330;3,3;0;25grey11bb;;
G:\VPHI\Welfare\2- Research Projects\OFHE2.OriginsE2\DataOutput\HA\HA5\KBF-26-07-2021\origins2\IHE_PDI\S00001\SER00052\I00001.JPG;G:\VPHI\Welfare\2- Research Projects\OFHE2.OriginsE2\DataOutput\HA\AllPictures_27-07-2021\278.jpg;278;HA5;276;1,9;0;48black4sw;;
G:\VPHI\Welfare\2- Research Projects\OFHE2.OriginsE2\DataOutput\HA\HA2\KBF-04-01-2021\Origins 04.01.2021\IHE_PDI\S00001\SER00019\I00001.JPG;G:\VPHI\Welfare\2- Research Projects\OFHE2.OriginsE2\DataOutput\HA\AllPictures_27-07-2021\279.jpg;279;HA2;102;0,1;0;70black12gg;;
G:\VPHI\Welfare\2- Research Projects\OFHE2.OriginsE2\DataOutput\HA\HA2\KBF-04-01-2021\Origins 04.01.2021\IHE_PDI\S00001\SER00076\I00001.JPG;G:\VPHI\Welfare\2- Research Projects\OFHE2.OriginsE2\DataOutput\HA\AllPictures_27-07-2021\280.jpg;280;HA2;6;0;0;45green9pb;;
G:\VPHI\Welfare\2- Research Projects\OFHE2.OriginsE2\DataOutput\HA\HA2\KBF-04-01-2021\Origins 04.01.2021\IHE_PDI\S00001\SER00066\I00001.JPG;G:\VPHI\Welfare\2- Research Projects\OFHE2.OriginsE2\DataOutput\HA\AllPictures_27-07-2021\281.jpg;281;HA2;116;0;0;12grey9gwb;;
G:\VPHI\Welfare\2- Research Projects\OFHE2.OriginsE2\DataOutput\HA\HA2\KBF-04-01-2021\Origins 04.01.2021\IHE_PDI\S00001\SER00045\I00001.JPG;G:\VPHI\Welfare\2- Research Projects\OFHE2.OriginsE2\DataOutput\HA\AllPictures_27-07-2021\282.jpg;282;HA2;257;0,2;0;35black8sp;;
G:\VPHI\Welfare\2- Research Projects\OFHE2.OriginsE2\DataOutput\HA\HA2\KBF-04-01-2021\Origins 04.01.2021\IHE_PDI\S00001\SER00035\I00001.JPG;G:\VPHI\Welfare\2- Research Projects\OFHE2.OriginsE2\DataOutput\HA\AllPictures_27-07-2021\283.jpg;283;HA2;86;0,7;0;64green3sb;;
G:\VPHI\Welfare\2- Research Projects\OFHE2.OriginsE2\DataOutput\HA\HA5\KBF-26-07-2021\origins1\IHE_PDI\S00001\SER00080\I00001.JPG;G:\VPHI\Welfare\2- Research Projects\OFHE2.OriginsE2\DataOutput\HA\AllPictures_27-07-2021\284.jpg;284;HA5;87;0,3;0;68orange3;;
G:\VPHI\Welfare\2- Research Projects\OFHE2.OriginsE2\DataOutput\HA\HA5\KBF-26-07-2021\origins2\IHE_PDI\S00001\SER00074\I00001.JPG;G:\VPHI\Welfare\2- Research Projects\OFHE2.OriginsE2\DataOutput\HA\AllPictures_27-07-2021\285.jpg;285;HA5;292;2,1;0;46green12;;
G:\VPHI\Welfare\2- Research Projects\OFHE2.OriginsE2\DataOutput\HA\HA2\KBF-04-01-2021\Origins 04.01.2021\IHE_PDI\S00001\SER00016\I00001.JPG;G:\VPHI\Welfare\2- Research Projects\OFHE2.OriginsE2\DataOutput\HA\AllPictures_27-07-2021\286.jpg;286;HA2;157;0,4;0;14orange12sp;;
G:\VPHI\Welfare\2- Research Projects\OFHE2.OriginsE2\DataOutput\HA\HA2\KBF-04-01-2021\Origins 04.01.2021\IHE_PDI\S00002\SER00013\I00001.JPG;G:\VPHI\Welfare\2- Research Projects\OFHE2.OriginsE2\DataOutput\HA\AllPictures_27-07-2021\287.jpg;287;HA2;22;3,3;0;41black10bs;;
G:\VPHI\Welfare\2- Research Projects\OFHE2.OriginsE2\DataOutput\HA\HA2\KBF-04-01-2021\Origins 04.01.2021\IHE_PDI\S00002\SER00014\I00001.JPG;G:\VPHI\Welfare\2- Research Projects\OFHE2.OriginsE2\DataOutput\HA\AllPictures_27-07-2021\288.jpg;288;HA2;240;0,5;1;73black10sp;;
G:\VPHI\Welfare\2- Research Projects\OFHE2.OriginsE2\DataOutput\HA\HA2\KBF-04-01-2021\Origins 04.01.2021\IHE_PDI\S00002\SER00012\I00001.JPG;G:\VPHI\Welfare\2- Research Projects\OFHE2.OriginsE2\DataOutput\HA\AllPictures_27-07-2021\289.jpg;289;HA2;347;0,1;0;62orange10sw;;
G:\VPHI\Welfare\2- Research Projects\OFHE2.OriginsE2\DataOutput\HA\HA2\KBF-04-01-2021\Origins 04.01.2021\IHE_PDI\S00002\SER00066\I00001.JPG;G:\VPHI\Welfare\2- Research Projects\OFHE2.OriginsE2\DataOutput\HA\AllPictures_27-07-2021\290.jpg;290;HA2;250;1;0;17orange4ws;;
G:\VPHI\Welfare\2- Research Projects\OFHE2.OriginsE2\DataOutput\HA\HA2\KBF-04-01-2021\Origins 04.01.2021\IHE_PDI\S00002\SER00041\I00001.JPG;G:\VPHI\Welfare\2- Research Projects\OFHE2.OriginsE2\DataOutput\HA\AllPictures_27-07-2021\291.jpg;291;HA2;189;0;0;71green11sw;;
G:\VPHI\Welfare\2- Research Projects\OFHE2.OriginsE2\DataOutput\HA\HA2\KBF-04-01-2021\Origins 04.01.2021\IHE_PDI\S00002\SER00080\I00001.JPG;G:\VPHI\Welfare\2- Research Projects\OFHE2.OriginsE2\DataOutput\HA\AllPictures_27-07-2021\292.jpg;292;HA2;309;0,4;0;53orange4bs;;
G:\VPHI\Welfare\2- Research Projects\OFHE2.OriginsE2\DataOutput\HA\HA5\KBF-26-07-2021\origins3\IHE_PDI\S00001\SER00027\I00001.JPG;G:\VPHI\Welfare\2- Research Projects\OFHE2.OriginsE2\DataOutput\HA\AllPictures_27-07-2021\293.jpg;293;HA5;266;2,6;0;8green4wp;;
G:\VPHI\Welfare\2- Research Projects\OFHE2.OriginsE2\DataOutput\HA\HA5\KBF-26-07-2021\origins2\IHE_PDI\S00001\SER00053\I00001.JPG;G:\VPHI\Welfare\2- Research Projects\OFHE2.OriginsE2\DataOutput\HA\AllPictures_27-07-2021\294.jpg;294;HA5;83;2,1;0;17orange4ws;;
G:\VPHI\Welfare\2- Research Projects\OFHE2.OriginsE2\DataOutput\HA\HA5\KBF-26-07-2021\origins1\IHE_PDI\S00001\SER00064\I00001.JPG;G:\VPHI\Welfare\2- Research Projects\OFHE2.OriginsE2\DataOutput\HA\AllPictures_27-07-2021\295.jpg;295;HA5;55;2,3;0;31grey3sw;;
G:\VPHI\Welfare\2- Research Projects\OFHE2.OriginsE2\DataOutput\HA\HA2\KBF-04-01-2021\Origins 04.01.2021\IHE_PDI\S00002\SER00065\I00001.JPG;G:\VPHI\Welfare\2- Research Projects\OFHE2.OriginsE2\DataOutput\HA\AllPictures_27-07-2021\296.jpg;296;HA2;260;0;0;40black4ps;;
G:\VPHI\Welfare\2- Research Projects\OFHE2.OriginsE2\DataOutput\HA\HA5\KBF-26-07-2021\origins2\IHE_PDI\S00001\SER00043\I00001.JPG;G:\VPHI\Welfare\2- Research Projects\OFHE2.OriginsE2\DataOutput\HA\AllPictures_27-07-2021\297.jpg;297;HA5;335;2;0;51green11pw;;
G:\VPHI\Welfare\2- Research Projects\OFHE2.OriginsE2\DataOutput\HA\HA5\KBF-26-07-2021\origins2\IHE_PDI\S00001\SER00079\I00001.JPG;G:\VPHI\Welfare\2- Research Projects\OFHE2.OriginsE2\DataOutput\HA\AllPictures_27-07-2021\298.jpg;298;HA5;44;2,4;0;12orange12sp;;
G:\VPHI\Welfare\2- Research Projects\OFHE2.OriginsE2\DataOutput\HA\HA5\KBF-26-07-2021\origins2\IHE_PDI\S00001\SER00018\I00001.JPG;G:\VPHI\Welfare\2- Research Projects\OFHE2.OriginsE2\DataOutput\HA\AllPictures_27-07-2021\299.jpg;299;HA5;191;0,8;0;24black11;;
G:\VPHI\Welfare\2- Research Projects\OFHE2.OriginsE2\DataOutput\HA\HA5\KBF-26-07-2021\origins2\IHE_PDI\S00001\SER00064\I00001.JPG;G:\VPHI\Welfare\2- Research Projects\OFHE2.OriginsE2\DataOutput\HA\AllPictures_27-07-2021\300.jpg;300;HA5;280;0,9;0;8grey8sbs;;
G:\VPHI\Welfare\2- Research Projects\OFHE2.OriginsE2\DataOutput\HA\HA5\KBF-26-07-2021\origins2\IHE_PDI\S00001\SER00072\I00001.JPG;G:\VPHI\Welfare\2- Research Projects\OFHE2.OriginsE2\DataOutput\HA\AllPictures_27-07-2021\301.jpg;301;HA5;187;1,4;0;8green12;;
G:\VPHI\Welfare\2- Research Projects\OFHE2.OriginsE2\DataOutput\HA\HA2\KBF-04-01-2021\Origins 04.01.2021\IHE_PDI\S00001\SER00063\I00001.JPG;G:\VPHI\Welfare\2- Research Projects\OFHE2.OriginsE2\DataOutput\HA\AllPictures_27-07-2021\302.jpg;302;HA2;88;1;0;66grey9sp;;
G:\VPHI\Welfare\2- Research Projects\OFHE2.OriginsE2\DataOutput\HA\HA2\KBF-04-01-2021\Origins 04.01.2021\IHE_PDI\S00002\SER00067\I00001.JPG;G:\VPHI\Welfare\2- Research Projects\OFHE2.OriginsE2\DataOutput\HA\AllPictures_27-07-2021\303.jpg;303;HA2;212;1,3;0;19orange4wp;;
G:\VPHI\Welfare\2- Research Projects\OFHE2.OriginsE2\DataOutput\HA\HA5\KBF-26-07-2021\origins2\IHE_PDI\S00001\SER00078\I00001.JPG;G:\VPHI\Welfare\2- Research Projects\OFHE2.OriginsE2\DataOutput\HA\AllPictures_27-07-2021\304.jpg;304;HA5;206;1,6;0;9orange12pw;;
G:\VPHI\Welfare\2- Research Projects\OFHE2.OriginsE2\DataOutput\HA\HA2\KBF-04-01-2021\Origins 04.01.2021\IHE_PDI\S00002\SER00072\I00001.JPG;G:\VPHI\Welfare\2- Research Projects\OFHE2.OriginsE2\DataOutput\HA\AllPictures_27-07-2021\305.jpg;305;HA2;124;0,6;0;65orange4gs;;
G:\VPHI\Welfare\2- Research Projects\OFHE2.OriginsE2\DataOutput\HA\HA2\KBF-04-01-2021\Origins 04.01.2021\IHE_PDI\S00001\SER00055\I00001.JPG;G:\VPHI\Welfare\2- Research Projects\OFHE2.OriginsE2\DataOutput\HA\AllPictures_27-07-2021\306.jpg;306;HA2;245;0;0;37orange8wg;;
G:\VPHI\Welfare\2- Research Projects\OFHE2.OriginsE2\DataOutput\HA\HA5\KBF-26-07-2021\origins1\IHE_PDI\S00001\SER00087\I00001.JPG;G:\VPHI\Welfare\2- Research Projects\OFHE2.OriginsE2\DataOutput\HA\AllPictures_27-07-2021\307.jpg;307;HA5;17;0,9;0;5green5pw;;
G:\VPHI\Welfare\2- Research Projects\OFHE2.OriginsE2\DataOutput\HA\HA5\KBF-26-07-2021\origins2\IHE_PDI\S00001\SER00002\I00001.JPG;G:\VPHI\Welfare\2- Research Projects\OFHE2.OriginsE2\DataOutput\HA\AllPictures_27-07-2021\308.jpg;308;HA5;301;1,7;0;14grey5gp;;
G:\VPHI\Welfare\2- Research Projects\OFHE2.OriginsE2\DataOutput\HA\HA5\KBF-26-07-2021\origins1\IHE_PDI\BANNER.JPG;G:\VPHI\Welfare\2- Research Projects\OFHE2.OriginsE2\DataOutput\HA\AllPictures_27-07-2021\309.jpg;309;HA5;201;;;;;
G:\VPHI\Welfare\2- Research Projects\OFHE2.OriginsE2\DataOutput\HA\HA2\KBF-04-01-2021\Origins 04.01.2021\IHE_PDI\S00001\SER00041\I00001.JPG;G:\VPHI\Welfare\2- Research Projects\OFHE2.OriginsE2\DataOutput\HA\AllPictures_27-07-2021\310.jpg;310;HA2;258;0;0;7black8sbs;;
G:\VPHI\Welfare\2- Research Projects\OFHE2.OriginsE2\DataOutput\HA\HA2\KBF-04-01-2021\Origins 04.01.2021\IHE_PDI\S00001\SER00046\I00001.JPG;G:\VPHI\Welfare\2- Research Projects\OFHE2.OriginsE2\DataOutput\HA\AllPictures_27-07-2021\311.jpg;311;HA2;255;0,6;0;71black8ps;;
G:\VPHI\Welfare\2- Research Projects\OFHE2.OriginsE2\DataOutput\HA\HA5\KBF-26-07-2021\origins1\IHE_PDI\S00001\SER00066\I00001.JPG;G:\VPHI\Welfare\2- Research Projects\OFHE2.OriginsE2\DataOutput\HA\AllPictures_27-07-2021\312.jpg;312;HA5;300;2,5;0;36green3sg;;
G:\VPHI\Welfare\2- Research Projects\OFHE2.OriginsE2\DataOutput\HA\HA5\KBF-26-07-2021\origins2\IHE_PDI\S00001\SER00020\I00001.JPG;G:\VPHI\Welfare\2- Research Projects\OFHE2.OriginsE2\DataOutput\HA\AllPictures_27-07-2021\313.jpg;313;HA5;145;1,1;0;32black11;;
G:\VPHI\Welfare\2- Research Projects\OFHE2.OriginsE2\DataOutput\HA\HA2\KBF-04-01-2021\Origins 04.01.2021\IHE_PDI\S00001\SER00072\I00001.JPG;G:\VPHI\Welfare\2- Research Projects\OFHE2.OriginsE2\DataOutput\HA\AllPictures_27-07-2021\314.jpg;314;HA2;155;;;;;
G:\VPHI\Welfare\2- Research Projects\OFHE2.OriginsE2\DataOutput\HA\HA2\KBF-04-01-2021\Origins 04.01.2021\IHE_PDI\S00002\SER00040\I00001.JPG;G:\VPHI\Welfare\2- Research Projects\OFHE2.OriginsE2\DataOutput\HA\AllPictures_27-07-2021\315.jpg;315;HA2;97;0,8;0;14grey5gp;;
G:\VPHI\Welfare\2- Research Projects\OFHE2.OriginsE2\DataOutput\HA\HA2\KBF-04-01-2021\Origins 04.01.2021\IHE_PDI\S00002\SER00031\I00001.JPG;G:\VPHI\Welfare\2- Research Projects\OFHE2.OriginsE2\DataOutput\HA\AllPictures_27-07-2021\316.jpg;316;HA2;259;2;1;11green5bs;;
G:\VPHI\Welfare\2- Research Projects\OFHE2.OriginsE2\DataOutput\HA\HA5\KBF-26-07-2021\origins2\IHE_PDI\S00001\SER00032\I00001.JPG;G:\VPHI\Welfare\2- Research Projects\OFHE2.OriginsE2\DataOutput\HA\AllPictures_27-07-2021\317.jpg;317;HA5;339;2;0;18grey11wp;;
G:\VPHI\Welfare\2- Research Projects\OFHE2.OriginsE2\DataOutput\HA\HA2\KBF-04-01-2021\Origins 04.01.2021\IHE_PDI\S00002\SER00015\I00001.JPG;G:\VPHI\Welfare\2- Research Projects\OFHE2.OriginsE2\DataOutput\HA\AllPictures_27-07-2021\318.jpg;318;HA2;256;0,2;0;31orange10sbs;;
G:\VPHI\Welfare\2- Research Projects\OFHE2.OriginsE2\DataOutput\HA\HA2\KBF-04-01-2021\Origins 04.01.2021\IHE_PDI\S00001\SER00032\I00001.JPG;G:\VPHI\Welfare\2- Research Projects\OFHE2.OriginsE2\DataOutput\HA\AllPictures_27-07-2021\319.jpg;319;HA2;170;0,7;0;31grey3sw;;
G:\VPHI\Welfare\2- Research Projects\OFHE2.OriginsE2\DataOutput\HA\HA5\KBF-26-07-2021\origins1\IHE_PDI\S00001\SER00003\I00001.JPG;G:\VPHI\Welfare\2- Research Projects\OFHE2.OriginsE2\DataOutput\HA\AllPictures_27-07-2021\320.jpg;320;HA5;61;2;0;51green10;;
G:\VPHI\Welfare\2- Research Projects\OFHE2.OriginsE2\DataOutput\HA\HA2\KBF-04-01-2021\Origins 04.01.2021\IHE_PDI\S00002\SER00042\I00001.JPG;G:\VPHI\Welfare\2- Research Projects\OFHE2.OriginsE2\DataOutput\HA\AllPictures_27-07-2021\321.jpg;321;HA2;151;2;0;18grey11wp;;
G:\VPHI\Welfare\2- Research Projects\OFHE2.OriginsE2\DataOutput\HA\HA5\KBF-26-07-2021\origins1\IHE_PDI\S00001\SER00007\I00001.JPG;G:\VPHI\Welfare\2- Research Projects\OFHE2.OriginsE2\DataOutput\HA\AllPictures_27-07-2021\322.jpg;322;HA5;95;1,1;1;64green10;;
G:\VPHI\Welfare\2- Research Projects\OFHE2.OriginsE2\DataOutput\HA\HA5\KBF-26-07-2021\origins1\IHE_PDI\S00001\SER00089\I00001.JPG;G:\VPHI\Welfare\2- Research Projects\OFHE2.OriginsE2\DataOutput\HA\AllPictures_27-07-2021\323.jpg;323;HA5;51;2,4;0;27grey5ss;;
G:\VPHI\Welfare\2- Research Projects\OFHE2.OriginsE2\DataOutput\HA\HA5\KBF-26-07-2021\origins2\IHE_PDI\S00001\SER00055\I00001.JPG;G:\VPHI\Welfare\2- Research Projects\OFHE2.OriginsE2\DataOutput\HA\AllPictures_27-07-2021\324.jpg;324;HA5;284;2;0;67green9sps;;
G:\VPHI\Welfare\2- Research Projects\OFHE2.OriginsE2\DataOutput\HA\HA2\KBF-04-01-2021\Origins 04.01.2021\IHE_PDI\BANNER.JPG;G:\VPHI\Welfare\2- Research Projects\OFHE2.OriginsE2\DataOutput\HA\AllPictures_27-07-2021\325.jpg;325;HA2;213;;;;;
G:\VPHI\Welfare\2- Research Projects\OFHE2.OriginsE2\DataOutput\HA\HA5\KBF-26-07-2021\origins2\IHE_PDI\S00001\SER00062\I00001.JPG;G:\VPHI\Welfare\2- Research Projects\OFHE2.OriginsE2\DataOutput\HA\AllPictures_27-07-2021\326.jpg;326;HA5;346;2,6;0;12grey9gwb;;
G:\VPHI\Welfare\2- Research Projects\OFHE2.OriginsE2\DataOutput\HA\HA5\KBF-26-07-2021\origins1\IHE_PDI\S00001\SER00041\I00001.JPG;G:\VPHI\Welfare\2- Research Projects\OFHE2.OriginsE2\DataOutput\HA\AllPictures_27-07-2021\327.jpg;327;HA5;148;2,1;0;73orange8pp;;
G:\VPHI\Welfare\2- Research Projects\OFHE2.OriginsE2\DataOutput\HA\HA2\KBF-04-01-2021\Origins 04.01.2021\IHE_PDI\S00001\SER00047\I00001.JPG;G:\VPHI\Welfare\2- Research Projects\OFHE2.OriginsE2\DataOutput\HA\AllPictures_27-07-2021\328.jpg;328;HA2;235;0;0;57black8ss;;
G:\VPHI\Welfare\2- Research Projects\OFHE2.OriginsE2\DataOutput\HA\HA2\KBF-04-01-2021\Origins 04.01.2021\IHE_PDI\S00001\SER00007\I00001.JPG;G:\VPHI\Welfare\2- Research Projects\OFHE2.OriginsE2\DataOutput\HA\AllPictures_27-07-2021\329.jpg;329;HA2;112;1;0;9orange12pw;;
G:\VPHI\Welfare\2- Research Projects\OFHE2.OriginsE2\DataOutput\HA\HA5\KBF-26-07-2021\origins2\IHE_PDI\S00001\SER00022\I00001.JPG;G:\VPHI\Welfare\2- Research Projects\OFHE2.OriginsE2\DataOutput\HA\AllPictures_27-07-2021\330.jpg;330;HA5;118;0,8;0;37grey9gp;;
G:\VPHI\Welfare\2- Research Projects\OFHE2.OriginsE2\DataOutput\HA\HA2\KBF-04-01-2021\Origins 04.01.2021\IHE_PDI\S00001\SER00031\I00001.JPG;G:\VPHI\Welfare\2- Research Projects\OFHE2.OriginsE2\DataOutput\HA\AllPictures_27-07-2021\331.jpg;331;HA2;176;1,6;0;1green3gg;;
G:\VPHI\Welfare\2- Research Projects\OFHE2.OriginsE2\DataOutput\HA\HA2\KBF-04-01-2021\Origins 04.01.2021\IHE_PDI\S00002\SER00051\I00001.JPG;G:\VPHI\Welfare\2- Research Projects\OFHE2.OriginsE2\DataOutput\HA\AllPictures_27-07-2021\332.jpg;332;HA2;119;0,8;0;9grey11gwb;;
G:\VPHI\Welfare\2- Research Projects\OFHE2.OriginsE2\DataOutput\HA\HA5\KBF-26-07-2021\origins2\IHE_PDI\S00001\SER00008\I00001.JPG;G:\VPHI\Welfare\2- Research Projects\OFHE2.OriginsE2\DataOutput\HA\AllPictures_27-07-2021\333.jpg;333;HA5;283;2,4;0;9green5sps;;
G:\VPHI\Welfare\2- Research Projects\OFHE2.OriginsE2\DataOutput\HA\HA5\KBF-26-07-2021\origins1\IHE_PDI\S00001\SER00063\I00001.JPG;G:\VPHI\Welfare\2- Research Projects\OFHE2.OriginsE2\DataOutput\HA\AllPictures_27-07-2021\334.jpg;334;HA5;366;2,2;0;61green3sbs;;
G:\VPHI\Welfare\2- Research Projects\OFHE2.OriginsE2\DataOutput\HA\HA5\KBF-26-07-2021\origins3\IHE_PDI\S00001\SER00019\I00001.JPG;G:\VPHI\Welfare\2- Research Projects\OFHE2.OriginsE2\DataOutput\HA\AllPictures_27-07-2021\335.jpg;335;HA5;224;2,6;1;67orange4sbs;;
G:\VPHI\Welfare\2- Research Projects\OFHE2.OriginsE2\DataOutput\HA\HA5\KBF-26-07-2021\origins2\IHE_PDI\S00001\SER00024\I00001.JPG;G:\VPHI\Welfare\2- Research Projects\OFHE2.OriginsE2\DataOutput\HA\AllPictures_27-07-2021\336.jpg;336;HA5;113;2,4;0;70green11gg;;
G:\VPHI\Welfare\2- Research Projects\OFHE2.OriginsE2\DataOutput\HA\HA2\KBF-04-01-2021\Origins 04.01.2021\IHE_PDI\S00002\SER00022\I00001.JPG;G:\VPHI\Welfare\2- Research Projects\OFHE2.OriginsE2\DataOutput\HA\AllPictures_27-07-2021\337.jpg;337;HA2;270;1,7;0;34green5ps;;
G:\VPHI\Welfare\2- Research Projects\OFHE2.OriginsE2\DataOutput\HA\HA5\KBF-26-07-2021\origins2\IHE_PDI\S00001\SER00069\I00001.JPG;G:\VPHI\Welfare\2- Research Projects\OFHE2.OriginsE2\DataOutput\HA\AllPictures_27-07-2021\338.jpg;338;HA5;358;1,8;0;63green12;;
G:\VPHI\Welfare\2- Research Projects\OFHE2.OriginsE2\DataOutput\HA\HA5\KBF-26-07-2021\origins2\IHE_PDI\S00001\SER00054\I00001.JPG;G:\VPHI\Welfare\2- Research Projects\OFHE2.OriginsE2\DataOutput\HA\AllPictures_27-07-2021\339.jpg;339;HA5;216;1,1;0;13green9gg;;
G:\VPHI\Welfare\2- Research Projects\OFHE2.OriginsE2\DataOutput\HA\HA2\KBF-04-01-2021\Origins 04.01.2021\IHE_PDI\S00002\SER00079\I00001.JPG;G:\VPHI\Welfare\2- Research Projects\OFHE2.OriginsE2\DataOutput\HA\AllPictures_27-07-2021\340.jpg;340;HA2;110;1,1;0;46orange4gwb;;
G:\VPHI\Welfare\2- Research Projects\OFHE2.OriginsE2\DataOutput\HA\HA5\KBF-26-07-2021\origins1\IHE_PDI\S00001\SER00059\I00001.JPG;G:\VPHI\Welfare\2- Research Projects\OFHE2.OriginsE2\DataOutput\HA\AllPictures_27-07-2021\341.jpg;341;HA5;195;0,9;0;53green5;;
G:\VPHI\Welfare\2- Research Projects\OFHE2.OriginsE2\DataOutput\HA\HA5\KBF-26-07-2021\origins1\IHE_PDI\S00001\SER00018\I00001.JPG;G:\VPHI\Welfare\2- Research Projects\OFHE2.OriginsE2\DataOutput\HA\AllPictures_27-07-2021\342.jpg;342;HA5;4;2,2;0;74orange10ws;;
G:\VPHI\Welfare\2- Research Projects\OFHE2.OriginsE2\DataOutput\HA\HA2\KBF-04-01-2021\Origins 04.01.2021\IHE_PDI\S00001\SER00051\I00001.JPG;G:\VPHI\Welfare\2- Research Projects\OFHE2.OriginsE2\DataOutput\HA\AllPictures_27-07-2021\343.jpg;343;HA2;277;1,2;0;26black8gg;;
G:\VPHI\Welfare\2- Research Projects\OFHE2.OriginsE2\DataOutput\HA\HA5\KBF-26-07-2021\origins2\IHE_PDI\S00001\SER00028\I00001.JPG;G:\VPHI\Welfare\2- Research Projects\OFHE2.OriginsE2\DataOutput\HA\AllPictures_27-07-2021\344.jpg;344;HA5;332;0,8;0;21grey11sps;;
G:\VPHI\Welfare\2- Research Projects\OFHE2.OriginsE2\DataOutput\HA\HA5\KBF-26-07-2021\origins1\IHE_PDI\S00001\SER00078\I00001.JPG;G:\VPHI\Welfare\2- Research Projects\OFHE2.OriginsE2\DataOutput\HA\AllPictures_27-07-2021\345.jpg;345;HA5;13;2,2;0;64green3sb;;
G:\VPHI\Welfare\2- Research Projects\OFHE2.OriginsE2\DataOutput\HA\HA5\KBF-26-07-2021\origins1\IHE_PDI\S00001\SER00006\I00001.JPG;G:\VPHI\Welfare\2- Research Projects\OFHE2.OriginsE2\DataOutput\HA\AllPictures_27-07-2021\346.jpg;346;HA5;11;0,8;0;21orange8bs;;
G:\VPHI\Welfare\2- Research Projects\OFHE2.OriginsE2\DataOutput\HA\HA2\KBF-04-01-2021\Origins 04.01.2021\IHE_PDI\S00001\SER00037\I00001.JPG;G:\VPHI\Welfare\2- Research Projects\OFHE2.OriginsE2\DataOutput\HA\AllPictures_27-07-2021\347.jpg;347;HA2;15;0,1;0;30grey3pp;;
G:\VPHI\Welfare\2- Research Projects\OFHE2.OriginsE2\DataOutput\HA\HA2\KBF-04-01-2021\Origins 04.01.2021\IHE_PDI\S00001\SER00050\I00001.JPG;G:\VPHI\Welfare\2- Research Projects\OFHE2.OriginsE2\DataOutput\HA\AllPictures_27-07-2021\348.jpg;348;HA2;162;1;0;47black8gs;;
G:\VPHI\Welfare\2- Research Projects\OFHE2.OriginsE2\DataOutput\HA\HA2\KBF-04-01-2021\Origins 04.01.2021\IHE_PDI\S00002\SER00076\I00001.JPG;G:\VPHI\Welfare\2- Research Projects\OFHE2.OriginsE2\DataOutput\HA\AllPictures_27-07-2021\349.jpg;349;HA2;52;2,7;1;25black4bb;;
G:\VPHI\Welfare\2- Research Projects\OFHE2.OriginsE2\DataOutput\HA\HA2\KBF-04-01-2021\Origins 04.01.2021\IHE_PDI\S00001\SER00075\I00001.JPG;G:\VPHI\Welfare\2- Research Projects\OFHE2.OriginsE2\DataOutput\HA\AllPictures_27-07-2021\350.jpg;350;HA2;302;1,2;0;3grey9bs;;
G:\VPHI\Welfare\2- Research Projects\OFHE2.OriginsE2\DataOutput\HA\HA5\KBF-26-07-2021\origins2\IHE_PDI\S00001\SER00050\I00001.JPG;G:\VPHI\Welfare\2- Research Projects\OFHE2.OriginsE2\DataOutput\HA\AllPictures_27-07-2021\351.jpg;351;HA5;117;0,5;0;45green9pb;;
G:\VPHI\Welfare\2- Research Projects\OFHE2.OriginsE2\DataOutput\HA\HA5\KBF-26-07-2021\origins2\IHE_PDI\S00001\SER00014\I00001.JPG;G:\VPHI\Welfare\2- Research Projects\OFHE2.OriginsE2\DataOutput\HA\AllPictures_27-07-2021\352.jpg;352;HA5;136;2,4;0;66black9;;
G:\VPHI\Welfare\2- Research Projects\OFHE2.OriginsE2\DataOutput\HA\HA2\KBF-04-01-2021\Origins 04.01.2021\IHE_PDI\S00002\SER00046\I00001.JPG;G:\VPHI\Welfare\2- Research Projects\OFHE2.OriginsE2\DataOutput\HA\AllPictures_27-07-2021\353.jpg;353;HA2;228;0;0;23green11gs;;
G:\VPHI\Welfare\2- Research Projects\OFHE2.OriginsE2\DataOutput\HA\HA5\KBF-26-07-2021\origins2\IHE_PDI\S00001\SER00058\I00001.JPG;G:\VPHI\Welfare\2- Research Projects\OFHE2.OriginsE2\DataOutput\HA\AllPictures_27-07-2021\354.jpg;354;HA5;1;1,6;0;27green9ws;;
G:\VPHI\Welfare\2- Research Projects\OFHE2.OriginsE2\DataOutput\HA\HA2\KBF-04-01-2021\Origins 04.01.2021\IHE_PDI\S00001\SER00048\I00001.JPG;G:\VPHI\Welfare\2- Research Projects\OFHE2.OriginsE2\DataOutput\HA\AllPictures_27-07-2021\355.jpg;355;HA2;311;1;1;52orange8gp;;
G:\VPHI\Welfare\2- Research Projects\OFHE2.OriginsE2\DataOutput\HA\HA5\KBF-26-07-2021\origins3\IHE_PDI\S00001\SER00014\I00001.JPG;G:\VPHI\Welfare\2- Research Projects\OFHE2.OriginsE2\DataOutput\HA\AllPictures_27-07-2021\356.jpg;356;HA5;221;1,4;0;66orange4pw;;
G:\VPHI\Welfare\2- Research Projects\OFHE2.OriginsE2\DataOutput\HA\HA2\KBF-04-01-2021\Origins 04.01.2021\IHE_PDI\S00002\SER00062\I00001.JPG;G:\VPHI\Welfare\2- Research Projects\OFHE2.OriginsE2\DataOutput\HA\AllPictures_27-07-2021\357.jpg;357;HA2;199;0,5;0;46black4pp;;
G:\VPHI\Welfare\2- Research Projects\OFHE2.OriginsE2\DataOutput\HA\HA2\KBF-04-01-2021\Origins 04.01.2021\IHE_PDI\S00001\SER00071\I00001.JPG;G:\VPHI\Welfare\2- Research Projects\OFHE2.OriginsE2\DataOutput\HA\AllPictures_27-07-2021\358.jpg;358;HA2;14;0,7;0;73green9wg;;
G:\VPHI\Welfare\2- Research Projects\OFHE2.OriginsE2\DataOutput\HA\HA5\KBF-26-07-2021\origins2\IHE_PDI\BANNER.JPG;G:\VPHI\Welfare\2- Research Projects\OFHE2.OriginsE2\DataOutput\HA\AllPictures_27-07-2021\359.jpg;359;HA5;249;;;;;
G:\VPHI\Welfare\2- Research Projects\OFHE2.OriginsE2\DataOutput\HA\HA2\KBF-04-01-2021\Origins 04.01.2021\IHE_PDI\S00002\SER00029\I00001.JPG;G:\VPHI\Welfare\2- Research Projects\OFHE2.OriginsE2\DataOutput\HA\AllPictures_27-07-2021\360.jpg;360;HA2;48;0,7;0;61grey5sps;;
G:\VPHI\Welfare\2- Research Projects\OFHE2.OriginsE2\DataOutput\HA\HA5\KBF-26-07-2021\origins2\IHE_PDI\S00001\SER00040\I00001.JPG;G:\VPHI\Welfare\2- Research Projects\OFHE2.OriginsE2\DataOutput\HA\AllPictures_27-07-2021\361.jpg;361;HA5;107;2,5;1;75green11sg;;
G:\VPHI\Welfare\2- Research Projects\OFHE2.OriginsE2\DataOutput\HA\HA5\KBF-26-07-2021\origins1\IHE_PDI\S00001\SER00020\I00001.JPG;G:\VPHI\Welfare\2- Research Projects\OFHE2.OriginsE2\DataOutput\HA\AllPictures_27-07-2021\362.jpg;362;HA5;194;0,8;0;71orange10gp;;
G:\VPHI\Welfare\2- Research Projects\OFHE2.OriginsE2\DataOutput\HA\HA5\KBF-26-07-2021\origins1\IHE_PDI\S00001\SER00081\I00001.JPG;G:\VPHI\Welfare\2- Research Projects\OFHE2.OriginsE2\DataOutput\HA\AllPictures_27-07-2021\363.jpg;363;HA5;333;1,5;0;5orange3;;
G:\VPHI\Welfare\2- Research Projects\OFHE2.OriginsE2\DataOutput\HA\HA2\KBF-04-01-2021\Origins 04.01.2021\IHE_PDI\S00002\SER00073\I00001.JPG;G:\VPHI\Welfare\2- Research Projects\OFHE2.OriginsE2\DataOutput\HA\AllPictures_27-07-2021\364.jpg;364;HA2;241;0;0;50black4sb;;
G:\VPHI\Welfare\2- Research Projects\OFHE2.OriginsE2\DataOutput\HA\HA5\KBF-26-07-2021\origins1\IHE_PDI\S00001\SER00044\I00001.JPG;G:\VPHI\Welfare\2- Research Projects\OFHE2.OriginsE2\DataOutput\HA\AllPictures_27-07-2021\365.jpg;365;HA5;230;2,9;1;16green8sb;;
G:\VPHI\Welfare\2- Research Projects\OFHE2.OriginsE2\DataOutput\HA\HA5\KBF-26-07-2021\origins1\IHE_PDI\S00001\SER00085\I00001.JPG;G:\VPHI\Welfare\2- Research Projects\OFHE2.OriginsE2\DataOutput\HA\AllPictures_27-07-2021\366.jpg;366;HA5;253;1,1;0;71orange3;;
G:\VPHI\Welfare\2- Research Projects\OFHE2.OriginsE2\DataOutput\HA\HA5\KBF-26-07-2021\origins2\IHE_PDI\S00001\SER00003\I00001.JPG;G:\VPHI\Welfare\2- Research Projects\OFHE2.OriginsE2\DataOutput\HA\AllPictures_27-07-2021\367.jpg;367;HA5;60;1,8;0;74green5wg;;
G:\VPHI\Welfare\2- Research Projects\OFHE2.OriginsE2\DataOutput\HA\HA2\KBF-04-01-2021\Origins 04.01.2021\IHE_PDI\S00002\SER00050\I00001.JPG;G:\VPHI\Welfare\2- Research Projects\OFHE2.OriginsE2\DataOutput\HA\AllPictures_27-07-2021\368.jpg;368;HA2;130;0,9;1;4green11ws;;
G:\VPHI\Welfare\2- Research Projects\OFHE2.OriginsE2\DataOutput\HA\HA2\KBF-04-01-2021\Origins 04.01.2021\IHE_PDI\S00001\SER00020\I00001.JPG;G:\VPHI\Welfare\2- Research Projects\OFHE2.OriginsE2\DataOutput\HA\AllPictures_27-07-2021\369.jpg;369;HA2;32;1,1;1;60orange12ws;;
G:\VPHI\Welfare\2- Research Projects\OFHE2.OriginsE2\DataOutput\HA\HA5\KBF-26-07-2021\origins1\IHE_PDI\S00001\SER00052\I00001.JPG;G:\VPHI\Welfare\2- Research Projects\OFHE2.OriginsE2\DataOutput\HA\AllPictures_27-07-2021\370.jpg;370;HA5;291;0,4;0;35black8sp;;
G:\VPHI\Welfare\2- Research Projects\OFHE2.OriginsE2\DataOutput\HA\HA5\KBF-26-07-2021\origins1\IHE_PDI\S00001\SER00034\I00001.JPG;G:\VPHI\Welfare\2- Research Projects\OFHE2.OriginsE2\DataOutput\HA\AllPictures_27-07-2021\371.jpg;371;HA5;68;1,3;0;22grey8;;
